_source_file,time_raw,human_time,map_start_time_raw,map_end_time_raw,mod_name,consensus,extreme_99th,prob_rf,prob_et,prob_lr,prob_gb,prob_xgb,prob_lsvc,prob_csvc,prob_knn,prob_mlp,prob_gnb,view_delta_deg,view_speed_deg_per_ms,view_best_delta_deg,view_best_speed_deg_per_sec,attacker_target_distance,attacker_xy_speed,attacker_z_speed,attacker_distance_last_second,target_xy_speed,target_z_speed,target_distance_last_second,missile_lifetime,missile_pitch,target_corpse_travel_distance,target_corpse_travel_z_distance,attacker_name,target_name
12 ragespec ctf_metalorn_v2 2024-06-23_22-34-54.dm_26.dm_meta,124847,0:01:18,47099,1308062,MOD_DISRUPTOR_SNIPER,bad,FALSE,0.07333333333,0.1333333333,0.06348612786,0.003709241847,0.02446724474,-0.7555590677,0.06746472341,0,2.23E-74,0.2220571308,0,0,2.867757797,86.90174866,932,0,0,0,0,0,563,,,0,0,^7ragespec,^7jaw^1a
12 ragespec ctf_metalorn_v2 2024-06-23_22-34-54.dm_26.dm_meta,165239,0:01:59,47099,1308062,MOD_DISRUPTOR_SNIPER,bad,FALSE,0.03,0.03,0.008440974944,0.001100234822,0.0004388118396,-1.201557734,0.063332458,0,3.39E-83,0.06124892823,0,0,1.516849518,45.96513748,894,0,0,64,546,248,476,,,318,183,^7ragespec,^7jaw^1a
12 ragespec ctf_metalorn_v2 2024-06-23_22-34-54.dm_26.dm_meta,171311,0:02:05,47099,1308062,MOD_DISRUPTOR_SNIPER,bad,FALSE,0.01666666667,0.03,0.006978029244,0.0009656323664,0.0002167683851,-1.272786445,0.06175712476,0,5.76E-110,0.05507842777,0,0,0,0,2214,0,0,65,529,280,365,,,459,29,^7ragespec,^7?fuck lg (4/5)
12 ragespec ctf_metalorn_v2 2024-06-23_22-34-54.dm_26.dm_meta,287504,0:04:01,47099,1308062,MOD_DISRUPTOR_SNIPER,bad,FALSE,0.01,0.02,0.017980009,0.001648788586,0.0003156567982,-1.000523904,0.06859900611,0,1.00E-60,0.123532129,0,0,3.290698767,99.71814728,791,0,0,48,296,0,411,,,6,0,^7ragespec,^7?fuck lg (4/5)
12 ragespec ctf_metalorn_v2 2024-06-23_22-34-54.dm_26.dm_meta,294335,0:04:08,47099,1308062,MOD_DISRUPTOR_SNIPER,bad,FALSE,0.03333333333,0.03666666667,0.02113197571,0.001482094531,0.0003958973684,-0.9792639864,0.06271328372,0,1.63E-66,0.1673520616,0,0,0.82788378,25.08738708,1113,0,0,71,31,63,425,,,11,8,^7ragespec,^7jaw^1a
12 ragespec ctf_metalorn_v2 2024-06-23_22-34-54.dm_26.dm_meta,446828,0:06:40,47099,1308062,MOD_DISRUPTOR_SNIPER,bad,FALSE,0.09333333333,0.06333333333,0.01446593983,0.004477427459,0.0326445885,-1.093447638,0.06881367529,0,2.92E-71,0.2320154569,0,0,6.191110134,187.6094055,367,0,0,0,646,160,565,,,174,42,^7ragespec,^7?fuck lg (3/5)
12 ragespec ctf_metalorn_v2 2024-06-23_22-34-54.dm_26.dm_meta,499397,0:06:47,47099,1308062,MOD_DISRUPTOR_SNIPER,bad,FALSE,0.03666666667,0.01333333333,0.02016084978,0.001482094531,0.0004888057592,-0.9789659567,0.06839481164,0,1.01E-66,0.1445203098,0,0,0.1842463166,5.583221912,1047,0,0,70,328,0,452,,,8,0,^7ragespec,^7?fuck lg (4/5)
12 ragespec ctf_metalorn_v2 2024-06-23_22-34-54.dm_26.dm_meta,508274,0:06:56,47099,1308062,MOD_DISRUPTOR_SNIPER,bad,FALSE,0,0.003333333333,0.00198739876,0.002020444442,0.004143674858,-1.695956871,0.05239141086,0,1.52E-33,9.27E-59,4.293324947,0.03252518922,9.926239014,300.7951355,291,0,0,0,0,0,258,,,0,0,^7ragespec,^7jaw^1a
12 ragespec ctf_metalorn_v2 2024-06-23_22-34-54.dm_26.dm_meta,544277,0:07:32,47099,1308062,MOD_DISRUPTOR_SNIPER,bad,FALSE,0.05,0.01666666667,0.01644248492,0.001852949228,0.002947325585,-1.002861789,0.0701002802,0,7.81E-63,0.1259524401,0,0,6.245727539,189.2644653,992,0,0,91,442,0,407,,,13,0,^7ragespec,^7?fuck lg (4/5)
12 ragespec ctf_metalorn_v2 2024-06-23_22-34-54.dm_26.dm_meta,545828,0:07:33,47099,1308062,MOD_DISRUPTOR_SNIPER,bad,FALSE,0.02666666667,0.006666666667,0.01293523001,0.001648788586,0.0007967014681,-1.054041692,0.06467124363,0,1.15E-46,0.08707573165,0,0,4.69767046,142.353653,1030,0,0,60,0,0,240,,,0,0,^7ragespec,^7jaw^1a
12 ragespec ctf_metalorn_v2 2024-06-23_22-34-54.dm_26.dm_meta,641297,0:09:09,47099,1308062,MOD_DISRUPTOR_SNIPER,bad,FALSE,0.1766666667,0.6166666667,0.3076079551,0.008100642429,0.2913295627,-0.420775638,0.06806884602,0,9.58E-87,0.6694582346,0,0,2.774314404,84.07013702,577,0,0,0,0,0,965,,,0,0,^7ragespec,^7?fuck lg (4/5)
12 ragespec ctf_metalorn_v2 2024-06-23_22-34-54.dm_26.dm_meta,685187,0:09:52,47099,1308062,MOD_DISRUPTOR_SNIPER,bad,FALSE,0.04666666667,0.04,0.03958421113,0.001648788586,0.001262766542,-0.8732771896,0.08025583469,0,2.41E-73,0.0001821923847,0,0,2.77148509,83.98439789,1333,216,519,307,246,0,441,,,4,0,^7ragespec,^7?fuck lg (4/5)
12 ragespec ctf_metalorn_v2 2024-06-23_22-34-54.dm_26.dm_meta,716966,0:10:24,47099,1308062,MOD_DISRUPTOR_SNIPER,bad,FALSE,0.1766666667,0.06,0.01555718317,0.009734287336,0.001333927619,-1.038654453,0.05555970583,0,1.07E-13,0.1872757171,0,0,16.11229324,488.2513123,70,96,0,471,0,0,366,,,0,0,^7ragespec,^7jaw^1a
12 ragespec ctf_metalorn_v2 2024-06-23_22-34-54.dm_26.dm_meta,726767,0:10:34,47099,1308062,MOD_DISRUPTOR_SNIPER,bad,FALSE,0.003333333333,0.006666666667,0.006027576926,0.0007440411757,0.0001121939713,-1.248338542,0.05918361268,0,1.61E-59,0.04943267526,0,0,2.24713397,68.0949707,759,0,0,81,274,234,411,,,22,9,^7ragespec,^7?fuck lg (3/5)
12 ragespec ctf_metalorn_v2 2024-06-23_22-34-54.dm_26.dm_meta,755048,0:11:02,47099,1308062,MOD_DISRUPTOR_SNIPER,bad,FALSE,0.06,0.06333333333,0.02831124856,0.001648788586,0.004169351421,-0.8973663164,0.06770070942,0,2.05E-68,0.1237688627,0,0,3.817381382,115.6782227,1255,0,0,0,0,0,361,,,0,0,^7ragespec,^7jaw^1a
12 ragespec ctf_metalorn_v2 2024-06-23_22-34-54.dm_26.dm_meta,758117,0:11:05,47099,1308062,MOD_DISRUPTOR_SNIPER,bad,FALSE,0.09,0.05333333333,0.01152216685,0.001482094531,0.002865882823,-1.080400078,0.06626826227,0,1.31E-45,0.08682212627,0,0,0.7650303245,23.18273735,1122,0,0,0,0,0,216,,,0,0,^7ragespec,^7?fuck lg (4/5)
12 ragespec ctf_metalorn_v2 2024-06-23_22-34-54.dm_26.dm_meta,824876,0:12:12,47099,1308062,MOD_DISRUPTOR_SNIPER,bad,FALSE,0.006666666667,0.01,0.04544136178,0.001200666924,0.0003340759431,-0.7967512336,0.0658348664,0,4.64E-148,0.3381657495,0,0,0.3735351563,11.31924725,2816,0,0,91,490,268,741,,,17,8,^7ragespec,^7jaw^1a
12 ragespec ctf_metalorn_v2 2024-06-23_22-34-54.dm_26.dm_meta,934205,0:14:02,47099,1308062,MOD_DISRUPTOR_SNIPER,bad,FALSE,0.03666666667,0.02333333333,0.02268862645,0.001648788586,0.001791475341,-0.961026469,0.06632721074,0,1.46E-49,0.1295498108,0,0,5.447651386,165.0803528,550,0,0,0,0,0,366,,,0,0,^7ragespec,^7jaw^1a
12 ragespec ctf_metalorn_v2 2024-06-23_22-34-54.dm_26.dm_meta,1115012,0:17:02,47099,1308062,MOD_DISRUPTOR_SNIPER,bad,FALSE,0.09,0.2333333333,0.1053702382,0.003334929915,0.007491156459,-0.6609965027,0.06740819119,0,4.38E-80,0.3356786324,0,0,1.218504667,36.92438507,846,0,0,0,0,0,692,,,0,0,^7ragespec,^7?fuck lg (4/5)
12 ragespec ctf_metalorn_v2 2024-06-23_22-34-54.dm_26.dm_meta,1183190,0:18:10,47099,1308062,MOD_DISRUPTOR_SNIPER,bad,FALSE,0.003333333333,0.006666666667,0.001578672495,0.00066875665,7.31E-05,-1.528828413,0.05556908713,0,3.45E-40,0.003560317742,0,0,1.148912072,34.81551743,389,0,0,70,263,351,224,,,211,183,^7ragespec,^7?fuck lg (4/5)
12 ragespec ctf_metalorn_v2 2024-06-23_22-34-54.dm_26.dm_meta,1185401,0:18:13,47099,1308062,MOD_DISRUPTOR_SNIPER,bad,FALSE,0.02,0.01666666667,0.01074941905,0.001482094531,0.0002608237555,-1.12631921,0.06259420853,0,1.83E-28,0.1440789686,0,0,0.480455637,14.55926228,377,0,0,170,275,0,408,,,6,0,^7ragespec,^7jaw^1a
12 ragespec ctf_metalorn_v2 2024-06-23_22-34-54.dm_26.dm_meta,1202231,0:18:30,47099,1308062,MOD_DISRUPTOR_SNIPER,bad,FALSE,0.006666666667,0.006666666667,0.02845207096,0.00173775592,0.0003199527855,-0.9665781755,0.06626802552,0,2.24E-138,0.1441293756,0,0,0.2751521468,8.337944031,1880,0,0,77,762,311,728,,,467,237,^7ragespec,^7?fuck lg (4/5)
10 =j ctf_kharzet_v3 2024-08-13_21-13-44.dm_26.dm_meta,996909,0:12:03,149832,1489005,MOD_DISRUPTOR_SNIPER,bad,FALSE,0.1433333333,0.1933333333,0.04894681158,0.06273092965,0.1778173447,-0.9205653431,0.07592080604,0.2,2.22E-103,2.44E-11,1.796810508,0.05444880202,3.479705811,105.4456329,1614,625,308,640,503,0,539,,,,,,
12 delta ctf_hagrent_v8 2024-09-14_21-34-00.dm_26.dm_meta,1111745,0:15:11,151280,1416137,MOD_DISRUPTOR_SNIPER,bad,FALSE,0.06666666667,0.09,0.1065791777,0.003985252538,0.02285672911,-0.7397114346,0.07828789474,0,5.38E-102,0.3147977735,0,0,5.232088089,158.5481262,524,544,261,570,798,140,810,,,,,,
3 fuck racers (13) mpctf_talay 2024-07-07_22-27-45.dm_26.dm_meta,1086533,0:16:11,115904,1341788,MOD_DISRUPTOR_SNIPER,bad,FALSE,0.2033333333,0.09,0.0582850197,0.009685798383,0.2098850459,-0.8910389925,0.07228007162,0,3.48E-129,0.1118388536,0,0,8.273544312,250.7134705,760,501,214,499,514,220,546,,,,,,
6 troll map player mpctf_krildor 2024-09-01_22-29-43.dm_26.dm_meta,988523,0:15:33,55877,1273709,MOD_DISRUPTOR_SNIPER,good,TRUE,0.43,0.18,0.9133715575,0.6619684381,0.1548632383,0.1015915729,0.0900209685,0,1.10E-273,1,0,0,0.7415771484,22.47203445,3738,676,0,747,1087,237,1075,,,,,,
10 =j mpctf_talay 2024-08-13_22-51-29.dm_26.dm_meta,392048,0:05:30,62411,462701,MOD_DISRUPTOR_SNIPER,good,TRUE,0.3633333333,0.5233333333,0.5426560592,0.6069362027,0.7609920502,-0.1938949418,0.07149750152,0.2,7.14E-134,0.7704151003,0,0,5.559195995,168.4604797,1583,0,0,0,0,0,1048,,,0,0,^7=j,^7alphafan
10 fuck lg (25) mpctf_taloraan 2024-06-20_20-45-06.dm_26.dm_meta,155966,0:01:15,81782,1348223,MOD_DISRUPTOR_SNIPER,bad,TRUE,0.3533333333,0.2933333333,0.08103940323,0.3468134326,0.03057888709,-0.5629904019,0.07671042337,0.4,5.64E-112,0.9884417891,0.01098632813,0.0001664595184,0.01098632813,0.3329190314,5051,0,0,0,0,0,274,,,0,0,^7?fuck lg (2/5),^17 doors main
10 fuck lg (25) mpctf_taloraan 2024-06-20_20-45-06.dm_26.dm_meta,293741,0:03:32,81782,1348223,MOD_DISRUPTOR_SNIPER,bad,TRUE,0.2833333333,0.14,0.1084221614,0.03797099009,0.03057888709,-0.4964143612,0.07746335735,0.6,1.71E-120,0.9939665942,0,0,0.1208496094,3.662109375,5214,0,0,0,0,0,321,,,0,0,^7?fuck lg (2/5),^17 doors main
10 fuck lg (25) mpctf_taloraan 2024-06-20_20-45-06.dm_26.dm_meta,559424,0:07:58,81782,1348223,MOD_DISRUPTOR_SNIPER,bad,TRUE,0.01666666667,0.02333333333,0.001981309802,0.002020444442,0.06365790963,-1.936314222,0.06665659189,0,4.17E-100,7.75E-192,7.52355957,0.05699666217,20.39143944,617.9224243,1040,318,916,634,0,0,385,,,0,0,^7?fuck lg (2/5),^7jaw^14
10 fuck lg (25) mpctf_taloraan 2024-06-20_20-45-06.dm_26.dm_meta,602555,0:08:41,81782,1348223,MOD_DISRUPTOR_SNIPER,bad,TRUE,0.2733333333,0.1433333333,0.1396856978,0.00651587467,0.04779014364,-0.7099229281,0.07044670065,0,3.39E-128,0.9572284775,0,0,3.307924986,100.2401505,991,0,0,141,1061,152,1108,,,533,64,^7?fuck lg (2/5),^17 doors main
10 go jeanty ctf_illimiran_v2 2024-12-20_22-34-36.dm_26.dm_meta,1300575,0:16:29,312291,1526922,MOD_DISRUPTOR_SNIPER,bad,TRUE,0.39,0.3233333333,0.3992403157,0.05742801487,0.2485023141,-0.2038607604,0.07734327474,0.4,1.82E-158,0.9870714117,0,0,1.582536578,47.95565414,4511,0,0,0,0,0,706,,,0,0,^7?go jeanty,^7enab
10 go jeanty mpctf_paulking 2024-12-21_00-01-57.dm_26.dm_meta,755382,0:07:29,307209,1559031,MOD_DISRUPTOR_SNIPER,bad,TRUE,0.13,0.06333333333,0.094661406,0.02113604672,0.0539627187,-0.7790654509,0.06135061235,0,2.77E-143,0.9860790253,0,0,0.09338378906,2.829811811,2377,0,0,517,1033,175,998,,,831,291,^7?go jeanty,^7cyd^5@^7parentmode
10 go thank you duo (13) ctf_dantooine_v3 2024-08-23_21-13-03.dm_26.dm_meta,578201,0:07:43,115409,1696010,MOD_DISRUPTOR_SNIPER,bad,TRUE,0.16,0.09333333333,0.4797237101,0.01067951463,0.02524052933,-0.3300790565,0.08364801921,0,2.65E-204,0.9988518398,0,0,0,0,3138,0,0,72,1036,55,1055,,,978,340,^7?go thank you duo (1/3),^7bra^2/^3/^4/^7sith
10 go thank you duo (13) mpctf_telti 2024-08-23_22-32-30.dm_26.dm_meta,338093,0:01:07,271202,1744850,MOD_DISRUPTOR_SNIPER,bad,TRUE,0.4366666667,0.4066666667,0.4108197148,0.9326446477,0.4854926467,-0.2982276364,0.0858134951,0.6,2.39E-266,0.9996844808,0.0909280479,0.0005510790506,1.002303004,30.37281799,4581,0,0,0,1154,238,1135,,,521,150,^7?go thank you duo (1/3),^7teamgen briber
10 go thank you duo (13) mpctf_telti 2024-08-23_22-32-30.dm_26.dm_meta,809036,0:08:58,271202,1744850,MOD_DISRUPTOR_SNIPER,bad,TRUE,0.3033333333,0.21,0.1183521564,0.006155307875,0.01101776306,-0.7303566976,0.07668744345,0,1.83E-137,0.02720014895,1.137628794,0.006894719787,1.524884939,46.20863342,1193,0,0,68,1203,41,1141,,,192,5,^7?go thank you duo (1/3),^7Florentino Ariza
10 Padawan mpctf_manaan 2024-06-16_00-24-44.dm_26.dm_meta,591236,0:07:56,115178,1329809,MOD_DISRUPTOR_SNIPER,bad,TRUE,0.2666666667,0.1033333333,0.2361849091,0.02419419388,0.03057888709,-0.2508707434,0.08362672927,0.6,1.41E-151,0.9999982953,0,0,0.2944356501,8.922292709,7165,0,0,0,0,0,331,,,0,0,^7Padawan,^8fuck csr
10 Padawan mpctf_manaan 2024-06-16_00-24-44.dm_26.dm_meta,880646,0:12:46,115178,1329809,MOD_DISRUPTOR_SNIPER,bad,TRUE,0.3033333333,0.09666666667,0.09139609178,0.02419419388,0.03057888709,-0.4422447053,0.0851816054,0.6,9.51E-125,0.9999995523,0,0,0.5233517885,15.85914516,7563,0,0,0,71,0,92,,,0,0,^7Padawan,^8fuck csr
10 Padawan mpctf_talay 2024-06-15_23-58-02.dm_26.dm_meta,475043,0:03:49,246617,1461248,MOD_DISRUPTOR_SNIPER,bad,TRUE,0.3933333333,0.27,0.1723522811,0.3838095022,0.03853784129,-0.313344345,0.0841656737,0.6,8.66E-147,0.9999999289,0.2142333984,0.006491921376,0.4871603549,14.76243496,7822,0,0,0,0,0,213,,,0,0,^7Padawan,^7Mercer
10 Padawan mpctf_taloraan 2024-06-16_00-54-21.dm_26.dm_meta,454319,0:01:42,353207,1680962,MOD_DISRUPTOR_SNIPER,bad,TRUE,0.33,0.1466666667,0.08843536646,0.1227714445,0.03574872762,-0.5320179629,0.08394137357,0.6,8.09E-127,0.9959449225,0.0439453125,0.0006658380735,0.5877941847,17.81194496,5308,0,0,0,371,0,366,,,9,0,^7Padawan,^8fuck csr
10 Padawan mpctf_taloraan 2024-06-16_00-54-21.dm_26.dm_meta,947768,0:09:55,353207,1680962,MOD_DISRUPTOR_SNIPER,bad,TRUE,0.2733333333,0.1066666667,0.05017957421,0.02419419388,0.03057888709,-0.6093858685,0.08097185776,0.6,5.93E-105,0.9998771624,0.05493164063,0.001664595213,0.2953054607,8.94865036,6383,0,0,0,74,0,77,,,0,0,^7Padawan,^7ENDY EASER 8000
10 Padawan mpctf_taloraan 2024-06-16_00-54-21.dm_26.dm_meta,1582589,0:20:30,353207,1680962,MOD_DISRUPTOR_SNIPER,bad,TRUE,0.25,0.14,0.06250942292,0.006959464425,0.03971055523,-0.6816251865,0.07637051195,0.6,1.69E-198,0.9210892324,0,0,0.3933657706,11.9201746,4553,0,0,0,895,356,800,,,48,0,^7Padawan,^7enab
10 Padawan mpctf_taloraan 2024-06-16_00-54-21.dm_26.dm_meta,1600442,0:20:48,353207,1680962,MOD_DISRUPTOR_SNIPER,good,TRUE,0.46,0.5833333333,0.1161667292,0.6925226451,0.0879374966,-0.5079532714,0.07587094161,0.6,4.77E-132,0.9912782078,0.6756591797,0.004094904289,0.8844676614,26.80204964,5659,0,0,0,0,0,352,,,0,0,^7Padawan,^7enab
10 Padawan mpctf_taloraan 2024-06-16_22-18-20.dm_26.dm_meta,645921,0:09:05,100860,1315491,MOD_DISRUPTOR_SNIPER,bad,TRUE,0.1033333333,0.04333333333,0.516604593,0.01677295526,0.018153999,-0.1723598647,0.08873039524,0,6.38E-167,0.9999910715,0,0,0.09338378906,2.829811811,2747,0,0,224,1003,85,1010,,,1244,1147,^7Padawan,^7enab
10 Padawan mpctf_taloraan 2024-06-16_22-18-20.dm_26.dm_meta,1289289,0:19:49,100860,1315491,MOD_DISRUPTOR_SNIPER,bad,TRUE,0.27,0.08666666667,0.08436720008,0.02419419388,0.03057888709,-0.5058194862,0.08175990648,0.6,4.51E-120,0.999844168,0,0,0.3372820616,10.22066879,6289,0,0,0,91,0,194,,,0,0,^7Padawan,^2ULTIMATE PUG STARTER
11 Padawan ctf_illimiran_v2 2024-06-14_22-39-35.dm_26.dm_meta,731321,0:10:20,111713,1054622,MOD_DISRUPTOR_SNIPER,good,TRUE,0.3733333333,0.1533333333,0.788595945,0.7217463556,0.04224578291,-0.2444123075,0.0803066573,0.2,1,1,0.2972913384,0.004504414275,0.3529758751,10.69623852,1620,0,0,74,1129,301,1106,,,3200,2036,^7Padawan,^6fuck duo
11 Padawan mpctf_taloraan 2024-06-14_23-02-58.dm_26.dm_meta,716240,0:09:18,158771,1032347,MOD_DISRUPTOR_SNIPER,good,TRUE,0.5533333333,0.4933333333,0.6903210459,0.5210792456,0.1613255441,-0.03995248804,0.09618093618,0.6,8.06E-252,0.999978602,0,0,0.5362520814,16.25006294,4957,0,0,61,1220,8,1212,,,390,3,^7Padawan,^7csr
11 troll map player ctf_hagrent_v8 2024-08-30_00-07-07.dm_26.dm_meta,839495,0:05:38,502136,1716767,MOD_DISRUPTOR_SNIPER,bad,TRUE,0.1066666667,0.03,0.07478525166,0.0025087316,0.04355180264,-0.746398198,0.08124306989,0,9.42E-71,0.001379678184,0,0,4.00549221,121.3785553,1356,1179,474,1184,0,0,174,,,0,0,^7troll map player,^7jawa
11 troll map player mpctf_talay 2024-08-29_22-58-51.dm_26.dm_meta,152765,0:01:57,36407,1451876,MOD_DISRUPTOR_SNIPER,bad,TRUE,0.3566666667,0.3166666667,0.4640936227,0.8714963655,0.01074783038,-0.2280474629,0.09227060194,0.2,1,1,0,0,3.760936499,113.9677734,688,0,0,0,302,28,375,,,2573,2454,^7troll map player,^7jawa
13 contact healer mpctf_talay 2024-06-09_01-27-49.dm_26.dm_meta,1215398,0:19:30,23471,1260344,MOD_DISRUPTOR_SNIPER,bad,TRUE,0.45,0.2933333333,0.9345316589,0.1306724973,0.1601087749,0.442357645,0.1133649738,0.4,1.61E-265,1,0,0,1.29352057,39.19759369,5216,0,0,81,1046,241,1090,,,2106,2101,^7contact healer,^7enab
13 jesus crist mpctf_telti 2024-09-20_22-59-20.dm_26.dm_meta,366605,0:02:48,199394,1414025,MOD_DISRUPTOR_SNIPER,bad,TRUE,0.4133333333,0.3,0.06219209709,0.626090113,0.07203130424,-0.5789054289,0.07911630778,0.6,6.24E-110,0.9997793908,0.1305710226,0.003956697881,0.8639648557,26.18075371,6196,0,0,0,0,0,121,,,0,0,^7jesus crist,^0Best
15 troll map player ctf_emerido_v2 2024-08-31_22-58-31.dm_26.dm_meta,386405,0:05:21,66305,1280936,MOD_DISRUPTOR_SNIPER,bad,TRUE,0.09333333333,0.11,0.3730706811,0.00653949745,0.0613934882,-0.3169150448,0.06113784664,0,5.04E-128,0.8659735481,0,0,0,0,2538,0,0,325,0,0,996,,,0,0,^7troll map player,^7guyplays
15 troll map player ctf_hagrent_v8 2024-08-31_23-26-59.dm_26.dm_meta,1191803,0:15:24,28520,1633046,MOD_DISRUPTOR_SNIPER,bad,TRUE,0.41,0.2866666667,0.136600056,0.2082634978,0.05624830723,-0.474910289,0.0758078638,0.4,3.89E-123,0.945206651,0,0,1.692331433,51.28277206,4361,0,0,0,0,0,436,,,0,0,^7troll map player,^7Padawan
15 [RUS]UltimPlayer mpctf_krildor 2024-09-01_00-06-13.dm_26.dm_meta,931070,0:12:09,202628,1452734,MOD_DISRUPTOR_SNIPER,bad,TRUE,0.3266666667,0.2566666667,0.07378172534,0.3468134326,0.03057888709,-0.5924457188,0.07589607393,0.4,4.45E-108,0.9697337424,0,0,0.07141113281,2.163973808,4740,0,0,0,0,0,280,,,0,0,^7[R^4U^1S^7]UltimPlayer,^7csr
15 [RUS]UltimPlayer mpctf_krildor 2024-09-01_00-06-13.dm_26.dm_meta,1391750,0:19:50,202628,1452734,MOD_DISRUPTOR_SNIPER,bad,TRUE,0.29,0.1633333333,0.3121636285,0.3860106528,0.1318129599,-0.4280821979,0.08346636332,0,7.45E-179,0.9436958156,0,0,2.122814655,64.32772064,2206,0,0,0,934,28,1034,,,414,58,^7[R^4U^1S^7]UltimPlayer,^7L^4S
2 Padawan ctf_illimiran_v2 2024-05-24_21-14-54.dm_26.dm_meta,210255,0:01:32,118449,1333080,MOD_DISRUPTOR_SNIPER,bad,TRUE,0.1533333333,0.14,0.1250548067,0.1133218703,0.01543501299,-0.5955247792,0.07924701052,0,2.38E-184,0.9268443115,0,0,0.6207275391,18.80992508,2673,0,0,4,1061,240,1042,,,120,38,^7Padawan,^7ez
2 Padawan ctf_kharzet_v3 2024-06-21_21-09-33.dm_26.dm_meta,825602,0:09:54,207809,1446761,MOD_DISRUPTOR_SNIPER,bad,TRUE,0.2633333333,0.1566666667,0.4976954522,0.6283004648,0.2726626992,-0.3003123102,0.08793433491,0,4.85E-223,0.9995475888,0,0,0.443723917,13.44617939,3721,0,0,0,1033,70,995,,,1007,338,^7Padawan,^7jaw^14
12 fuck hannah mpctf_paulking 2024-10-19_00-17-01.dm_26.dm_meta,1290803,0:19:20,131183,1351259,MOD_DISRUPTOR_SNIPER,bad,TRUE,0.3166666667,0.09,0.1353519062,0.003298816478,0.01968222298,-0.6660091612,0.080323672,0.2,9.11E-151,0.3345048832,0,0,1.363776922,41.32657242,1404,350,312,393,1200,326,1180,,,106,8,^7?fuck hannah,^7enab
3 jesus crist mpctf_telti 2024-09-19_22-10-31.dm_26.dm_meta,188867,0:02:36,32843,1247474,MOD_DISRUPTOR_SNIPER,bad,TRUE,0.3166666667,0.1833333333,0.02704993152,0.1953041598,0.009598856792,-0.7745506831,0.07549996448,0.6,2.94E-88,0.9943441493,0.134666577,0.004080805462,0.1428222656,4.327947617,5382,0,0,29,63,13,67,,,0,0,^7jesus crist,^7sid
3 jesus crist mpctf_telti 2024-09-19_22-10-31.dm_26.dm_meta,1026209,0:16:34,32843,1247474,MOD_DISRUPTOR_SNIPER,bad,TRUE,0.22,0.1266666667,0.01567958975,0.1058729422,0.01095667761,-0.9779203681,0.06768233703,0.2,1.43E-122,0.5482155774,0,0,0.7043470144,21.34384918,4110,0,0,0,270,252,278,,,162,23,^7jesus crist,^7bra^2/^3/^4/^7sith
5 camp hannah mpctf_kejim 2025-01-10_23-41-43.dm_26.dm_meta,192662,0:02:50,22712,1237343,MOD_DISRUPTOR_SNIPER,bad,TRUE,0.24,0.1366666667,0.02474291015,0.0423277519,0.002462921431,-0.8536484202,0.06914799029,0.4,1.12E-137,0.750185753,0,0,0.2553582788,7.738129616,4378,0,0,27,262,248,332,,,169,140,^7?camp hannah,^4The^7Infinite
5 EgyedFan2099 mpctf_kejim 2024-08-26_00-21-34.dm_26.dm_meta,1983448,0:16:21,1003150,2839996,MOD_DISRUPTOR_SNIPER,bad,TRUE,0.3333333333,0.1966666667,0.2134132558,0.6635408279,0.8906099796,-0.4952039228,0.08147260304,0,5.38E-219,0.9909069234,0,0,0.8156931996,24.71797562,3705,0,0,0,1060,212,1013,,,379,36,^7EgyedFan2099,^7enab
5 fuck hannah mpctf_taloraan 2024-12-13_21-50-14.dm_26.dm_meta,471776,0:05:50,99998,1337399,MOD_DISRUPTOR_SNIPER,bad,TRUE,0.17,0.1233333333,0.5625150428,0.01381736644,0.1172150001,-0.1469170399,0.09735992252,0,6.50E-196,0.9999970008,0,0,0.2890051603,8.757732391,2616,0,0,23,1161,140,1057,,,1302,1167,^7?fuck hannah,^7ez
5 fuck hannah mpctf_taloraan 2024-12-13_21-50-14.dm_26.dm_meta,978029,0:14:16,99998,1337399,MOD_DISRUPTOR_SNIPER,bad,TRUE,0.3566666667,0.2733333333,0.1840492918,0.2516284353,0.3700314164,-0.3924882281,0.07724126836,0.4,8.25E-134,0.9892082449,0,0,0.6632412672,20.09822083,4890,0,0,0,0,0,467,,,0,0,^7?fuck hannah,^7r^4d^7l
5 fuck hannah mpctf_taloraan 2024-12-13_21-50-14.dm_26.dm_meta,1282982,0:19:21,99998,1337399,MOD_DISRUPTOR_SNIPER,bad,TRUE,0.2533333333,0.07333333333,0.1118846266,0.02419419388,0.03057888709,-0.4719597129,0.07876395947,0.6,2.59E-123,0.9987389268,0,0,0.3197852075,9.690461159,5683,0,0,0,0,0,285,,,0,0,^7?fuck hannah,^7r^4d^7l
14 troll map player mpctf_talay 2024-08-27_23-19-43.dm_26.dm_meta,685818,0:10:18,67827,1101750,MOD_DISRUPTOR_SNIPER,bad,TRUE,0.02,0.07,0.02075976463,0.004160602076,0.007880792022,-1.07220151,0.08435551257,0,8.83E-103,2.97E-09,0,0,12.07615376,365.9440613,698,210,831,545,603,82,494,,,250,75,^7troll map player,^7jawa
15 troll map player ctf_hagrent_v8 2024-08-31_23-26-59.dm_26.dm_meta,1233779,0:16:06,28520,1633046,MOD_DISRUPTOR_SNIPER,bad,TRUE,0.32,0.14,0.04882255797,0.1227714445,0.02015301585,-0.6913919288,0.07086131968,0.4,5.43E-102,0.9317524984,0,0,1.523429871,46.16454315,4390,29,0,275,297,0,377,,,9,0,^7troll map player,^7sid
5 troll map player mpctf_kejim 2024-09-03_21-36-30.dm_26.dm_meta,979283,0:13:55,89141,1359608,MOD_DISRUPTOR_SNIPER,bad,TRUE,0.3,0.1466666667,0.07925746198,0.04964690225,0.03057888709,-0.5856130684,0.07544803004,0.4,3.78E-109,0.949086171,0,0,0.2553582788,7.738129616,4523,0,0,0,0,0,313,,,0,0,^7troll map player,^7tilted
"6 , ctf_hagrent_v8 2024-07-24_23-43-30.dm_26.dm_meta",1089342,0:14:15,187782,1449735,MOD_DISRUPTOR_SNIPER,bad,TRUE,0.3333333333,0.22,0.357019892,0.9500742973,0.3242678642,-0.367682417,0.08813084967,0,1.66E-217,0.9962110237,0.2827779353,0.008569028229,0.6800217628,20.60671997,3765,0,0,0,1043,28,987,,,494,76,"^7,",^5^^0ghetto^5w^7arp^5.
"6 , mpctf_taloraan 2024-07-24_21-29-28.dm_26.dm_meta",1404950,0:19:13,123758,1467254,MOD_DISRUPTOR_SNIPER,bad,TRUE,0.25,0.08333333333,0.01221192499,0.08940846793,0.007788686082,-0.9671808026,0.06483928296,0.2,7.38E-62,0.8309844665,0,0,0.2814944983,8.530136108,4258,0,0,304,115,0,102,,,1,0,"^7,",^7lg
6 contact healer mpctf_kejim 2024-06-09_19-33-42.dm_26.dm_meta,623543,0:09:16,68285,1282916,MOD_DISRUPTOR_SNIPER,bad,TRUE,0.05,0.01666666667,0.01122257165,0.002820279167,0.09002581984,-1.191018927,0.06545122835,0,1.23E-47,5.23E-12,1.922089458,0.0145612834,8.553545952,259.1983643,1318,954,50,915,0,0,0,,,0,0,^7contact healer,^7enab
6 contact healer mpctf_telti 2024-06-09_20-27-59.dm_26.dm_meta,720563,0:10:23,98348,1312979,MOD_DISRUPTOR_SNIPER,bad,TRUE,0.36,0.1866666667,0.03727127522,0.626090113,0.05624830723,-0.684554431,0.0782321363,0.6,1.75E-94,0.9992504494,0.087890625,0.002663352294,1.036127806,31.39781189,5946,0,0,0,0,0,32,,,0,0,^7contact healer,^6d^3u^5o
6 S3chT[nL] mpctf_kejim 2024-09-11_22-01-18.dm_26.dm_meta,457058,0:07:04,33866,1346573,MOD_DISRUPTOR_SNIPER,bad,TRUE,0.2666666667,0.1833333333,0.1019545042,0.08940846793,0.03057888709,-0.544252627,0.075003565,0.2,1.92E-114,0.9186165999,0,0,0.3295898438,9.987570763,4250,0,0,0,0,0,391,,,0,0,^7S^13^7chT^1[^7nL^1],^7Padawan
6 unspec ctf_metalorn_v2 2024-10-09_22-56-07.dm_26.dm_meta,613115,0:09:24,49574,1264205,MOD_DISRUPTOR_SNIPER,good,TRUE,0.47,0.6033333333,0.5295115779,0.09830642197,0.5658956766,-0.2297466336,0.06984348261,0.2,2.94E-122,0.81606509,0,0,0.8345451951,25.28924942,1232,0,0,0,0,0,1105,,,0,0,^7unspec,^7hannah
6 contact healer mpctf_talay 2024-06-09_20-55-03.dm_26.dm_meta,1149761,0:16:55,135143,1349774,MOD_DISRUPTOR_SNIPER,bad,TRUE,0.05333333333,0.04,0.01121453676,0.003789095749,0.008626054041,-1.222324222,0.08502982382,0,7.18E-100,7.92E-14,0,0,5.677277565,172.0387115,1142,642,1005,904,234,223,254,,,182,42,^7contact healer,^6fuck duo
6 unspec mpctf_taloraan 2024-10-09_23-21-39.dm_26.dm_meta,370103,0:04:07,123197,1337828,MOD_DISRUPTOR_SNIPER,bad,TRUE,0.2933333333,0.1866666667,0.03089381343,0.2082634978,0.05624830723,-0.7829503054,0.07378309003,0.2,1.04E-83,0.8314964488,0.03884253651,0.001177046564,1.004588485,30.44207573,4175,0,0,0,0,0,146,,,0,0,^7unspec,^7d3lt4
6 unspec mpctf_telti 2024-10-09_21-35-51.dm_26.dm_meta,408284,0:04:57,45515,1344494,MOD_DISRUPTOR_SNIPER,bad,TRUE,0.33,0.21,0.05174768431,0.2082634978,0.03740406036,-0.6833445267,0.07420528741,0.2,4.68E-97,0.8726386148,0.03845214844,0.001165216672,0.7305908203,22.13911629,4196,0,0,0,0,0,252,,,0,0,^7unspec,^7hannah
6 unspec mpctf_telti 2024-10-09_21-35-51.dm_26.dm_meta,531242,0:07:00,45515,1344494,MOD_DISRUPTOR_SNIPER,bad,TRUE,0.3466666667,0.23,0.0365259441,0.3838095022,0.007386731915,-0.7025475999,0.0740128357,0.6,6.07E-95,0.9987867513,0.1263427734,0.00382856885,0.4423617423,13.4049015,5790,0,0,89,0,0,84,,,0,0,^7unspec,^7hannah
6 unspec mpctf_telti 2024-10-09_21-35-51.dm_26.dm_meta,676376,0:09:25,45515,1344494,MOD_DISRUPTOR_SNIPER,bad,TRUE,0.2733333333,0.08333333333,0.03465389163,0.02419419388,0.03057888709,-0.6927828854,0.07856260367,0.6,3.59E-92,0.9992784606,0,0,0.3964603543,12.01395035,5993,0,0,0,0,0,10,,,0,0,^7unspec,^7hannah
7 unspec ctf_illimiran_v2 2024-10-06_22-03-19.dm_26.dm_meta,1599683,0:19:20,379277,1655123,MOD_DISRUPTOR_SNIPER,good,TRUE,0.3566666667,0.62,0.5796064399,0.1412339164,0.6458617449,-0.2229785372,0.06827656489,0.2,7.23E-121,0.8400553884,0.3741808534,0.01133881416,2.080872536,63.05674362,972,0,0,0,0,0,1192,,,0,0,^7unspec,^7hannah
7 unspec mpctf_taloraan 2024-10-06_20-50-29.dm_26.dm_meta,437258,0:03:41,216818,1431449,MOD_DISRUPTOR_SNIPER,bad,TRUE,0.2566666667,0.1466666667,0.57124576,0.01067849089,0.1489426792,-0.03346498399,0.08089506247,0.6,3.55E-179,0.9998066293,0,0,0.3925979435,11.89690781,5723,0,0,0,0,0,745,,,0,0,^7unspec,^7ez
7 unspec mpctf_telti 2024-10-06_21-25-43.dm_26.dm_meta,792866,0:08:42,71123,1486361,MOD_DISRUPTOR_SNIPER,bad,TRUE,0.37,0.18,0.06256138987,0.1150157284,0.03057888709,-0.5685536429,0.07976012343,0.6,2.92E-109,0.9998157224,0,0,0.0439453125,1.331676126,6273,0,0,0,0,0,110,,,0,0,^7unspec,^7ez
7 unspec mpctf_telti 2024-10-06_21-25-43.dm_26.dm_meta,824546,0:09:13,71123,1486361,MOD_DISRUPTOR_SNIPER,bad,TRUE,0.3333333333,0.2433333333,0.3135897258,0.05742801487,0.1489426792,-0.263490288,0.07770607073,0.4,1.16E-149,0.992855786,0,0,0.6203141809,18.79739952,4847,0,0,0,0,0,610,,,0,0,^7unspec,^7ez
7 unspec mpctf_telti 2024-10-06_21-25-43.dm_26.dm_meta,1464350,0:19:53,71123,1486361,MOD_DISRUPTOR_SNIPER,bad,TRUE,0.3333333333,0.1666666667,0.1054220166,0.1150157284,0.03057888709,-0.4678812699,0.07989902055,0.6,1.67E-123,0.9997725886,0,0,0,0,6151,0,0,0,0,0,233,,,0,0,^7unspec,^7Flk
8 =j ctf_hagrent_v8 2024-08-14_21-51-34.dm_26.dm_meta,361721,0:05:07,55646,1270277,MOD_DISRUPTOR_SNIPER,bad,TRUE,0.2366666667,0.22,0.0525506359,0.006959464425,0.004073690157,-0.7172198127,0.0696874515,0.6,6.95E-221,0.5116587653,0,0,0.3352630734,10.15948677,5363,0,0,25,743,501,768,,,127,49,^7=j,^5?go jaw4 legacy boon
8 brb20 mpctf_talay 2025-05-16_20-21-20.dm_26.dm_meta,608264,0:07:34,154745,1369376,MOD_DISRUPTOR_SNIPER,bad,TRUE,0.3533333333,0.3,0.12325812,0.007647501041,0.06656978279,-0.5968821186,0.0706053557,0,3.24E-187,0.9945138342,0,0,0.05839313567,1.769488931,3553,0,0,363,1198,255,1156,,,139,8,^7brb20,^2h^0annah ^2(^0unretired^2)
6 troll map player mpctf_krildor 2024-09-01_22-29-43.dm_26.dm_meta,988523,0:15:33,55877,1273709,MOD_DISRUPTOR_SNIPER,good,TRUE,0.43,0.18,0.9133715575,0.6619684381,0.1548632383,0.1015915729,0.0900209685,0,1.10E-273,1,0,0,0.7415771484,22.47203445,3738,676,0,747,1087,237,1075,,,2237,1384,^7troll map player,^7Padawan
8 camp hannah mpctf_taloraan 2025-01-05_00-30-38.dm_26.dm_meta,982451,0:14:24,119303,1333934,MOD_DISRUPTOR_SNIPER,bad,TRUE,0.29,0.1033333333,0.04604827068,0.09041176449,0.00522860093,-0.7003450996,0.08055214033,0.2,5.34E-105,0.884316857,0,0,0.4684996009,14.19695759,4231,0,0,3,387,0,325,,,17,0,^7?camp hannah,^4The^7Infinite
8 go thank you duo (13) mpctf_kejim 2024-08-23_00-01-24.dm_26.dm_meta,1124945,0:16:10,155141,1369772,MOD_DISRUPTOR_SNIPER,bad,TRUE,0.2666666667,0.15,0.02594660221,0.05926588238,0.02280335873,-0.8397151991,0.07090143614,0.4,6.35E-140,0.8036178874,0,0,1.148951411,34.81671143,4509,0,0,0,372,268,393,,,62,38,^7?go thank you duo (1/3),^7pug saviour
8 go thank you duo (13) mpctf_kejim 2024-08-23_00-01-24.dm_26.dm_meta,1132799,0:16:18,155141,1369772,MOD_DISRUPTOR_SNIPER,bad,TRUE,0.3066666667,0.1033333333,0.06508223729,0.1150157284,0.007788686082,-0.5784505917,0.0706338473,0.6,7.00E-112,0.9997777554,0,0,0.08598161489,2.605503559,6133,0,0,323,167,0,299,,,2,0,^7?go thank you duo (1/3),^7lg
8 go thank you duo (13) mpctf_talay 2024-08-22_22-50-50.dm_26.dm_meta,1072112,0:15:25,147419,1362050,MOD_DISRUPTOR_SNIPER,bad,TRUE,0.33,0.1833333333,0.3565776004,0.7441488686,0.0219335705,-0.4173603761,0.08114769468,0.2,2.97E-06,1,0,0,1.20355463,36.47135162,1677,0,0,0,570,264,570,,,2559,2057,^7?go thank you duo (1/3),^7pug saviour
8 go thank you duo (13) mpctf_taloraan 2024-08-22_21-55-14.dm_26.dm_meta,758678,0:05:18,441218,1655849,MOD_DISRUPTOR_SNIPER,bad,TRUE,0.2566666667,0.1166666667,0.1645188916,0.02419419388,0.02964886278,-0.3902486659,0.08288107693,0.6,3.54E-142,0.998640796,0,0,0.2693891525,8.163308144,5570,0,0,0,230,0,444,,,3,0,^7?go thank you duo (1/3),^7teamgen briber
8 spec(barred(banned)) mpctf_talay 2024-08-18_02-03-54.dm_26.dm_meta,1388054,0:19:12,172664,1450886,MOD_DISRUPTOR_SNIPER,bad,TRUE,0.2533333333,0.1566666667,0.04276021169,0.7934795303,0.3791797161,-0.827824724,0.07159244475,0.2,3.38E-162,0.8769084518,0.09059558064,0.0005490641342,0.4300835133,13.03283405,4163,0,0,0,518,216,498,,,342,10,^7spec(barred(banned)),^3[Xen_Crypt_Fan_Club]^5ski
8 spec(barred(banned)) mpctf_talay 2024-08-18_02-03-54.dm_26.dm_meta,1399637,0:19:24,172664,1450886,MOD_DISRUPTOR_SNIPER,bad,TRUE,0.2433333333,0.1166666667,0.04991160496,0.01238420715,0.02058248036,-0.6538109356,0.07466851322,0.6,3.33E-140,0.9989652368,0,0,0.1942126751,5.885232449,5866,0,0,0,191,183,304,,,16,8,^7spec(barred(banned)),^7Padawan
"9 , mpctf_kejim 2024-07-10_21-37-41.dm_26.dm_meta",1253216,0:19:44,69935,1284533,MOD_DISRUPTOR_SNIPER,bad,TRUE,0.28,0.2566666667,0.008946562325,0.7879518,0.008031751961,-1.249393485,0.05494159299,0.4,9.64E-154,7.41E-05,1.315449357,0.0132873673,1.655667305,50.17173767,4354,0,0,273,524,303,430,,,474,17,"^7,",^7lg
9 don't spec me mpctf_talay 2024-10-03_23-15-11.dm_26.dm_meta,355752,0:03:39,137457,1390632,MOD_DISRUPTOR_SNIPER,good,TRUE,0.3666666667,0.53,0.5214778268,0.581199714,0.6305460334,-0.2192861025,0.07080574429,0.2,2.59E-134,0.7953687981,0,0,1.259672403,38.17189026,1644,0,0,0,0,0,1059,,,0,0,^7don't spec me,^7Padawan
9 don't spec me mpctf_talay 2024-10-03_23-15-11.dm_26.dm_meta,652785,0:08:36,137457,1390632,MOD_DISRUPTOR_SNIPER,bad,TRUE,0.3433333333,0.29,0.4958346751,0.02250461627,0.1794732809,-0.1277570256,0.07790792978,0.4,3.44E-168,0.9944922538,0,0,0.4559326172,13.81614017,4690,0,0,0,0,0,776,,,0,0,^7don't spec me,^7Padawan
9 don't spec me mpctf_talay 2024-10-03_23-15-11.dm_26.dm_meta,704166,0:09:27,137457,1390632,MOD_DISRUPTOR_SNIPER,good,TRUE,0.4933333333,0.5,0.5626869855,0.8946337231,0.2967570722,-0.1396864852,0.09327673272,0.6,8.42E-255,0.9999543327,0,0,0.1786756665,5.414413929,5077,0,0,0,1098,90,1097,,,415,63,^7don't spec me,^7enab
9 fuck grab (23) mpctf_kejim 2024-08-02_19-43-15.dm_26.dm_meta,576617,0:07:13,143954,1358585,MOD_DISRUPTOR_SNIPER,bad,TRUE,0.26,0.2633333333,0.1138021201,0.499485689,0.03057888709,-0.5270459905,0.07472544906,0.2,6.77E-116,0.9030148868,0,0,0,0,4123,0,0,0,0,0,429,,,0,0,^7?fuck grab (2/3),
9 fuck grab (23) mpctf_kejim 2024-08-02_19-43-15.dm_26.dm_meta,1129433,0:16:26,143954,1358585,MOD_DISRUPTOR_SNIPER,bad,TRUE,0.1233333333,0.16,0.1462982066,0.01019059312,0.06241015717,-0.6438323736,0.07859974289,0,9.30E-138,0.7454960367,0,0,3.510101795,106.3667221,1075,322,167,343,947,174,994,,,227,43,^7?fuck grab (2/3),^7enab
9 Padawan mpctf_taloraan 2024-07-04_22-07-52 (1).dm_26.dm_meta,652847,0:06:48,245726,1164578,MOD_DISRUPTOR_SNIPER,bad,TRUE,0.3233333333,0.1466666667,0.03655251997,0.3838095022,0.03057888709,-0.6763150085,0.07907810911,0.6,8.13E-96,0.9998338866,0.0900945887,0.002730139066,0.389085114,11.79045773,6322,0,0,0,0,0,0,,,0,0,^7Padawan,^2h^0annah
9 Padawan mpctf_taloraan 2024-07-04_22-07-52.dm_26.dm_meta,652847,0:06:48,245726,1164578,MOD_DISRUPTOR_SNIPER,bad,TRUE,0.3233333333,0.1466666667,0.03655251997,0.3838095022,0.03057888709,-0.6763150085,0.07907810911,0.6,8.13E-96,0.9998338866,0.0900945887,0.002730139066,0.389085114,11.79045773,6322,0,0,0,0,0,0,,,0,0,^7Padawan,^2h^0annah
9 troll map player ctf_kothis_v5 2024-09-05_20-23-07.dm_26.dm_meta,659777,0:09:32,87920,1115771,MOD_DISRUPTOR_SNIPER,bad,TRUE,0.3833333333,0.3533333333,0.2189423779,0.9083682036,0.01319396496,-0.4640366231,0.09286481404,0.2,1,0.9999999999,0,0,11.28295898,341.9078369,853,135,464,251,459,215,357,,,2246,2215,^7troll map player,^7Weeb Ewbank