_source_file,time_raw,human_time,map_start_time_raw,map_end_time_raw,mod_name,consensus,extreme_99th,label_ts,prob_rf,prob_et,prob_lr,prob_gb,prob_xgb,prob_lsvc,prob_csvc,prob_knn,prob_mlp,prob_gnb,view_delta_deg,view_speed_deg_per_ms,view_best_delta_deg,view_best_speed_deg_per_sec,attacker_target_distance,attacker_xy_speed,attacker_z_speed,attacker_distance_last_second,target_xy_speed,target_z_speed,target_distance_last_second,missile_lifetime,missile_pitch,target_corpse_travel_distance,target_corpse_travel_z_distance,attacker_name,target_name
0202_rocket_ctf1.dm_26.dm_meta,29128500,0:01:26,29063450,30594850,MOD_REPEATER_ALT,good,FALSE,2025-06-25 20:56:07,,,,,,,,,,,47.0043602,0.1175108999,51.09096146,1548.210938,104,182,504,355,667,208,509,50,4,221,52,^4{^7JOC^4}^3Xen_Crypt^4{^1JGM^4},^3n^7airda^3.
10 most overrated jka player mpctf_telti 2021-03-28_03-19-32.dm_26.dm_meta,1168571,0:13:12,376736,1592357,MOD_ROCKET,good,FALSE,2025-06-27 14:29:49,,,,,,,,,,,0,0,4.035595417,122.2907715,919,0,966,707,746,22,549,627,2,242,123,^7most overrated jka playe,^3Xen's Apprentice
2017-12-08_19-35-39_ctf_nelvaan.dm_26.dm_meta,1311564,0:18:20,212235,1427625,MOD_BRYAR_PISTOL_ALT,good,FALSE,2025-06-27 14:29:49,,,,,,,,,,,0,0,0.1706421226,5.170973301,968,347,0,366,742,305,614,561,-24,176,65,^3Xen_Crypt,^5THE EVERRAPING
2017-12-20 kejim 4v4 1849.dm_26.dm_meta,4479984,0:06:45,4075833,5291289,MOD_ROCKET,good,FALSE,2025-07-01 3:30:24,,,,,,,,,,,0,0,9.449627876,286.352356,684,680,164,693,500,143,421,3069,0,46,4,^3Xen_Crypt,
2017-12-29 dosuun 4v4 0149.dm_26.dm_meta,230216,0:01:41,130325,1345055,MOD_ROCKET,good,FALSE,2025-06-27 14:29:49,,,,,,,,,,,0.1706421226,0.002585486742,0.2395044714,7.257711411,1241,147,0,334,711,50,414,1617,-8,88,0,^3Xen_Crypt,
2017-12-29 nelvaan 4v4.dm_26.dm_meta,611630,0:04:11,361523,1576913,MOD_ROCKET,good,FALSE,2025-07-01 3:30:24,,,,,,,,,,,0,0,18.72626114,567.4624634,645,519,286,581,762,295,613,957,6,167,52,^3Xen_Crypt,
2017-12-30 kejim 4v4 (2).dm_26.dm_meta,1153556,0:09:02,612455,1827449,MOD_REPEATER_ALT,good,FALSE,2025-06-29 19:15:55,,,,,,,,,,,0,0,4.484538555,135.8951111,638,365,0,374,447,764,632,429,-15,172,136,^3Xen_Crypt,^8rustdonis
2018-01-27 kejim 3v3 0645.dm_26.dm_meta,1126005,0:06:40,726705,2048685,MOD_BRYAR_PISTOL_ALT,good,FALSE,2025-06-27 14:29:49,,,,,,,,,,,0.5482717156,0.01661429368,2.148171425,65.09610748,4521,177,0,324,139,197,446,2838,0,68,59,^3Xen_Crypt,^7kreS
2018-04-18 cairn 5v5.dm_26.dm_meta,420271,0:01:51,309655,,MOD_BRYAR_PISTOL_ALT,good,FALSE,2025-06-27 14:29:49,,,,,,,,,,,0,0,7.630020618,231.2127533,822,502,155,528,238,246,528,396,-3,44,27,^3Xen_Crypt,^9jaw4
2018-04-18 kejim 4v4.dm_26.dm_meta,1129961,0:18:06,45218,1260476,MOD_BRYAR_PISTOL_ALT,good,FALSE,2025-06-27 14:29:49,,,,,,,,,,,3.771528244,0.0571443662,8.404168129,254.6717682,298,1034,393,991,1421,86,963,363,0,613,33,^3Xenman,^9jaw4
2018-04-22 talay 4v4.dm_26.dm_meta,751851,0:10:37,115347,,MOD_BRYAR_PISTOL_ALT,good,FALSE,2025-06-27 14:29:49,,,,,,,,,,,0,0,0.1922607422,5.826083183,517,728,254,706,1469,306,910,330,-3,642,51,^3Xen_Crypt,
2018-04-25 kejim 4v4 1224.dm_26.dm_meta,848207,0:11:00,188867,1403993,MOD_BRYAR_PISTOL_ALT,good,FALSE,2025-06-27 14:29:49,,,,,,,,,,,0.6828557253,0.006897532381,3.75112319,113.6704025,601,1022,0,1203,499,22,390,297,3,74,0,^3Xen_Crypt,^7nero
2018-04-29 reboam 5v5.dm_26.dm_meta,588142,0:06:10,219400,1434526,MOD_BRYAR_PISTOL_ALT,good,FALSE,2025-06-29 19:54:11,,,,,,,,,,,0,0,3.722768784,112.8111725,322,725,217,690,407,81,538,330,-8,42,0,^3Xen_Crypt,^4^^7Seef^4.
2018-04-30 paulking 4v4 (2).dm_26.dm_meta,1876062,0:09:51,1285956,1973841,MOD_BRYAR_PISTOL_ALT,good,FALSE,2025-06-29 18:28:02,,,,,,,,,,,0.5850929022,0.01773008704,4.06403923,123.1527023,340,170,0,224,710,293,412,165,-1,523,330,^3Xen_Crypt,^8jaw4
2018-05-04 illimiran 4v4.dm_26.dm_meta,563714,0:07:33,112142,,MOD_REPEATER_ALT,good,FALSE,2025-06-27 14:29:49,,,,,,,,,,,7.970672131,0.1207677573,10.60332775,321.3129578,455,299,784,561,573,429,376,231,47,335,13,^3Xen_Crypt,^7r^4d^7l
2018-05-05 kharzet 4v4.dm_26.dm_meta,591137,0:06:54,178538,1393664,MOD_REPEATER_ALT,good,FALSE,2025-06-27 14:29:49,,,,,,,,,,,2.433397293,0.07373931259,5.109248161,154.8256989,652,120,3,326,350,963,516,462,-8,291,273,^3Xen_Base,^7Math AFK
2018-05-10 dosuun 4v4.dm_26.dm_meta,662058,0:08:07,176463,1391490,MOD_ROCKET,good,FALSE,2025-06-27 14:29:49,,,,,,,,,,,0,0,4.249060631,128.7594147,973,201,0,321,95,558,312,759,32,188,187,^3Xen_Crypt,^3L^7G
2018-05-11 nelvaan 4v4 1724.dm_26.dm_meta,178142,0:00:28,150620,,MOD_BRYAR_PISTOL_ALT,good,FALSE,2025-06-29 19:54:11,,,,,,,,,,,0,0,0.3418143094,10.35800934,418,427,0,526,768,12,546,264,-1,56,0,^3XEN_CRYPT,^1^^7Seef^1.
2018-05-11 taspir 5v5.dm_26.dm_meta,532199,0:04:25,267902,1735247,MOD_BRYAR_PISTOL_ALT,good,FALSE,2025-06-27 15:06:37,,,,,,,,,,,0,0,2.961447239,89.74082947,696,275,75,225,765,180,387,330,26,1046,746,^3Xen_Crypt,^7-=^1redstar^7=-
2018-05-16 dantooine 4v4.dm_26.dm_meta,691919,0:10:20,72839,1287932,MOD_BRYAR_PISTOL_ALT,good,FALSE,2025-06-27 15:06:37,,,,,,,,,,,0,0,0,0,483,774,22,693,876,42,545,528,2,442,76,^3Xen_Crypt,
2018-05-16 metalorn 4v4.dm_26.dm_meta,859856,0:10:59,201902,,MOD_BRYAR_PISTOL_ALT,good,FALSE,2025-06-27 15:06:37,,,,,,,,,,,0,0,0,0,329,610,549,609,871,108,615,330,-48,85,2,^3Xen_Crypt,^1s^7erkawa
2018-05-17 kejim 4v4 (3).dm_26.dm_meta,351755,0:02:54,178703,1393829,MOD_BRYAR_PISTOL_ALT,good,FALSE,2025-07-01 3:30:24,,,,,,,,,,,0,0,0.5881791115,17.82361031,657,457,145,752,988,255,619,528,1,804,39,^3Xen_Crypt,^7Jan
2018-05-25 kejim 4v4 (3).dm_26.dm_meta,4787726,0:16:33,3795218,,MOD_REPEATER_ALT,good,FALSE,2025-06-29 19:15:55,,,,,,,,,,,0,0,0,0,609,439,199,379,356,59,447,396,8,173,78,^3Xen_Crypt,
2018-05-26 kharzet 4v4.dm_26.dm_meta,882989,0:13:21,82508,1297238,MOD_BRYAR_PISTOL_ALT,good,FALSE,2025-06-29 19:15:55,,,,,,,,,,,0,0,7.26283741,220.0859833,529,425,99,417,551,142,477,231,30,401,72,^3Xen_Crypt,^7math^5.
2018-05-28 manaan 4v4.dm_26.dm_meta,581600,0:04:34,308492,1523618,MOD_BRYAR_PISTOL_ALT,good,FALSE,2025-06-29 19:15:55,,,,,,,,,,,0.3546389341,0.003582211444,0.5056396723,15.3224144,697,637,0,738,706,92,499,528,9,25,0,^3Xen_Crypt,^7bra^2/^3/^4/^7sith
2018-06-01 talravin 4v4 0533.dm_26.dm_meta,527216,0:05:26,202166,,MOD_ROCKET,good,FALSE,2025-06-29 18:28:02,,,,,,,,,,,0.9252679944,0.01401921175,5.558400631,168.4363861,599,486,65,494,701,246,568,957,30,413,153,^3Xen_Crypt,
2018-06-02 talravin 4v4.dm_26.dm_meta,894704,0:13:18,97721,1312319,MOD_BRYAR_PISTOL_ALT,good,FALSE,2025-06-29 18:28:02,,,,,,,,,,,0,0,0,0,492,434,0,377,716,319,488,396,2,604,26,^3Xen_Crypt,^1Ventila^0Denai
2018-06-15 talravin 4v4.dm_26.dm_meta,950474,0:13:12,159530,1374623,MOD_ROCKET,good,FALSE,2025-06-29 19:54:11,,,,,,,,,,,0,0,0.1032071859,3.12749052,767,271,0,383,719,306,376,1122,0,364,16,^3Xen_Crypt,^7jawa
2018-06-28 talravin 4v4 0609.dm_26.dm_meta,616155,0:06:02,254706,1469568,MOD_ROCKET,good,FALSE,2025-06-27 15:06:37,,,,,,,,,,,1.552224636,0.04703710973,6.151600361,186.4121399,1087,731,275,637,727,163,556,1584,1,389,66,^3Xen_Crypt,^7jawa
2018-07-27 talay 4v4.dm_26.dm_meta,1119079,0:14:24,256492,1471354,MOD_BRYAR_PISTOL_ALT,good,FALSE,2025-06-29 19:15:55,,,,,,,,,,,0,0,9.900909424,300.0275574,473,841,267,863,405,161,627,231,-6,299,65,^3Xen_Crypt,^7nero
2018-08-15 kothis 4v4.dm_26.dm_meta,837746,0:12:32,87194,1302287,MOD_REPEATER_ALT,good,FALSE,2025-06-29 19:15:55,,,,,,,,,,,0,0,0.04943847656,1.498135686,523,500,514,582,715,410,517,396,-19,184,78,^3Xen_Crypt,^1^^7Seef^1.
2018-08-17 talravin 4v4.dm_26.dm_meta,600183,0:08:37,84096,1425843,MOD_ROCKET,good,FALSE,2025-06-29 19:15:55,,,,,,,,,,,0,0,0,0,829,470,88,433,743,16,434,858,-2,49,0,^3Xen_Crypt,^5THE EVERRAPING
2018-08-19 nelvaan 4v4.dm_26.dm_meta,1003773,0:13:49,175440,,MOD_ROCKET,good,FALSE,2025-06-29 18:28:02,,,,,,,,,,,0,0,6.820176125,206.6720123,398,226,249,283,1111,81,258,33,4,328,0,^3Xen_Crypt,
2018-09-01 salliche 4v4.dm_26.dm_meta,200120,0:00:34,166823,1381025,MOD_ROCKET,good,FALSE,2025-06-27 15:06:37,,,,,,,,,,,20.6132431,0.0892348215,70.07478333,2123.478271,418,179,332,223,353,244,421,297,54,571,343,^3Xen_Crypt,^7M^0er^6c^0e^7r LG?
2018-09-01 salliche 4v4.dm_26.dm_meta,230942,0:01:05,166823,1381025,MOD_BRYAR_PISTOL_ALT,good,FALSE,2025-06-29 19:15:55,,,,,,,,,,,0,0,17.66067886,535.1721191,373,715,84,698,1045,467,662,363,-8,322,55,^3Xen_Crypt,^7M^0er^6c^0e^7r LG?
2018-11-11 talay 4v4.dm_26.dm_meta,1349716,0:19:28,182968,1398061,MOD_BRYAR_PISTOL_ALT,good,FALSE,2025-06-29 19:54:11,,,,,,,,,,,0,0,1.360021353,41.21276855,833,434,242,390,159,235,545,462,11,81,26,^3Xen_Crypt,
2018-11-30 kharzet 4v4.dm_26.dm_meta,1022348,0:15:55,68087,1283147,MOD_ROCKET,good,FALSE,2025-06-27 15:06:37,,,,,,,,,,,0.271897763,0.008239326067,12.4116497,376.1105957,830,260,0,543,520,184,250,693,24,412,70,^3mercer FAN N2,^7JKA POLICE
2018-12-02 NELVAAN 4v4.dm_26.dm_meta,586154,0:09:17,30368,,MOD_ROCKET,good,FALSE,2025-06-29 18:28:02,,,,,,,,,,,0,0,2.594989538,78.63604736,342,445,0,551,714,134,513,495,-18,943,567,^3Xen_Crypt,^5ski
2018-12-14 ctf4 4v4 (2).dm_26.dm_meta,1292787,0:13:40,474222,1689282,MOD_BRYAR_PISTOL_ALT,good,FALSE,2025-06-29 18:28:02,,,,,,,,,,,1.088506222,0.03298503533,8.543544769,258.8952942,642,156,19,884,628,204,622,825,-14,460,49,^3rest,^7enab
2019-01-10 kejim 4v4 0513.dm_26.dm_meta,564679,0:04:56,269230,1514089,MOD_ROCKET,good,FALSE,2025-06-27 15:06:37,,,,,,,,,,,0,0,0,0,883,0,0,286,356,292,556,891,17,188,142,^3Xen_Crypt,^7serk
2019-01-18 kejim 4v4 1624.dm_26.dm_meta,1247540,0:16:13,34691,,MOD_BRYAR_PISTOL_ALT,good,FALSE,2025-06-29 18:28:02,,,,,,,,,,,0,0,1.741333008,52.76766586,510,471,25,773,1062,48,536,462,1,496,23,^3Insect_Glaive,^5THE EVERRAPING
"2019-05-19 ctf4 4v4 0538,1949.dm_26.dm_meta",641136,0:05:31,310806,1525767,MOD_ROCKET,good,FALSE,2025-06-27 15:06:37,,,,,,,,,,,0,0,5.081865311,153.9959259,586,438,101,642,1166,121,751,825,-14,521,121,^3Xen_Crypt,^74man
2019-05-26 kejim 4v4.dm_26.dm_meta,1275359,0:19:34,102407,1317335,MOD_BRYAR_PISTOL_ALT,good,FALSE,2025-06-27 15:06:37,,,,,,,,,,,0,0,0.8461077809,25.63962936,1042,628,251,514,502,264,522,924,-1,1948,1807,^3Xen_Crypt,^7Light Guardian
2019-06-08 dantooine 4v4 0451.dm_26.dm_meta,444485,0:04:47,158771,1373633,MOD_REPEATER_ALT,good,FALSE,2025-06-27 15:06:37,,,,,,,,,,,0,0,0,0,633,385,0,270,936,452,621,462,8,847,495,^3Xen_Crypt,^7R U T H L E S S
2019-06-09 kejim 4v4.dm_26.dm_meta,924078,0:12:29,176067,1391127,MOD_BRYAR_PISTOL_ALT,good,FALSE,2025-06-27 15:06:37,,,,,,,,,,,0,0,29.36679268,889.902832,459,565,23,523,1056,411,635,396,-1,286,86,^6X^7ennifer,^5ski
2019-06-29 corellia 4v4.dm_26.dm_meta,258439,0:01:16,183463,1398490,MOD_ROCKET,good,FALSE,2025-06-27 15:06:37,,,,,,,,,,,0,0,0,0,587,0,0,366,919,107,624,825,12,201,8,^3Xen_Crypt,
2019-07-25 ffa1 1v1.dm_26.dm_meta,1062905,0:15:09,154877,1386371,MOD_ROCKET,good,FALSE,2025-06-29 18:28:02,,,,,,,,,,,5.998688698,0.1817784458,19.54002762,592.1220703,242,201,299,202,271,119,580,198,-13,477,410,^3Xen_Crypt,^7Seef
2019-12-26 kothis 4v4.dm_26.dm_meta,642753,0:09:10,94095,1308330,MOD_BRYAR_PISTOL_ALT,good,FALSE,2025-06-27 15:06:37,,,,,,,,,,,10.51138592,0.04550383613,12.94487476,392.2689209,292,833,20,837,555,295,732,363,0,328,2,^3Xen_Crypt,^7Isaac Lobo
2020-01-05 carratos 4v4 1247.dm_26.dm_meta,1006017,0:12:42,244839,1459833,MOD_ROCKET,good,FALSE,2025-06-27 15:06:37,,,,,,,,,,,0,0,5.328054905,161.4562073,663,427,0,360,996,488,612,594,-5,332,88,^3Xen_Crypt,^5ski
2020-01-05 kejim 1v1.dm_26.dm_meta,1061812,0:17:42,6703,1216054,MOD_REPEATER_ALT,good,FALSE,2025-06-29 18:28:02,,,,,,,,,,,5.198440552,0.01969106309,7.372182369,223.3994598,742,559,129,580,149,65,451,429,0,3,0,^3Xen_Crypt,^7flower
2020-01-05 kejim 1v1.dm_26.dm_meta,1131343,0:18:51,6703,1216054,MOD_BRYAR_PISTOL_ALT,good,FALSE,2025-06-29 18:28:02,,,,,,,,,,,5.119773388,0.01939308085,12.91870022,391.475769,1047,672,340,673,112,256,588,462,-4,93,28,^3Xen_Crypt,^7flower
2020-01-11 kejim 4v4.dm_26.dm_meta,713373,0:07:18,276453,1491249,MOD_BRYAR_PISTOL_ALT,good,FALSE,2025-06-27 15:06:37,,,,,,,,,,,3.53733325,0.02679798007,9.377480507,284.1660767,330,637,97,622,828,296,528,297,0,722,4,^3Xen_Crypt,^7acid
2020-01-16 carratos 4v4.dm_26.dm_meta,722877,0:09:22,162207,1376343,MOD_BRYAR_PISTOL_ALT,good,FALSE,2025-06-27 15:06:37,,,,,,,,,,,1.315151095,0.00996326562,49.80653763,1509.289063,630,461,0,778,1055,266,707,462,-4,967,35,^3Xen_Crypt,^7PadaBOT
2020-01-25 ctf4 4v4 (2).dm_26.dm_meta,847551,0:11:49,139338,1375881,MOD_REPEATER_ALT,good,FALSE,2025-06-29 18:28:02,,,,,,,,,,,10.15083981,0.03845015168,19.28692245,584.4522095,887,280,0,328,409,98,359,660,14,51,0,^3Xen_Crypt,^7seeker
"2020-01-25 genarius 5v5 0414,1347.dm_26.dm_meta",1060075,0:13:40,180625,1456339,MOD_BRYAR_PISTOL_ALT,good,FALSE,2025-06-27 15:06:37,,,,,,,,,,,7.644938946,0.1158324108,49.96494675,1514.089355,382,1100,11,898,704,467,641,165,37,1197,284,^3Xen_Crypt,^7-=^1redasterisk^7=-
2020-01-25 kharzet 4v4.dm_26.dm_meta,508179,0:06:54,95052,1309815,MOD_REPEATER_ALT,good,FALSE,2025-06-27 15:06:37,,,,,,,,,,,20.09590149,0.152241677,34.41584396,1042.904419,1183,190,0,420,615,57,387,891,29,45,0,^3Xen_Crypt,^7playifne
2020-02-01 kharzet 4v4.dm_26.dm_meta,886355,0:09:54,105806,,MOD_ROCKET,good,FALSE,2025-06-29 18:28:02,,,,,,,,,,,4.820388317,0.0292144753,6.568951607,199.0591431,350,896,0,823,92,105,482,1749,-12,3,0,^7xenspec,^7enab
2020-02-08 telti 4v4.dm_26.dm_meta,261005,0:01:03,198734,1412837,MOD_BRYAR_PISTOL_ALT,good,FALSE,2025-06-29 18:28:02,,,,,,,,,,,0.5822753906,0.01764470898,3.866890907,117.1785126,571,371,0,463,728,292,520,429,0,327,30,^1Sabby,^7Isaac Lobo
2020-02-14 manaan 4v4.dm_26.dm_meta,1045250,0:11:57,334001,1634861,MOD_REPEATER_ALT,good,FALSE,2025-06-27 15:06:37,,,,,,,,,,,6.410731792,0.02775208652,15.99700069,484.7575989,781,431,292,510,539,70,405,660,54,865,596,^3Xeo_Crypto,^7Isaac Lobo
2020-02-14 manaan 4v4.dm_26.dm_meta,1377890,0:17:29,334001,1634861,MOD_ROCKET,good,FALSE,2025-06-29 19:15:55,,,,,,,,,,,1.406131983,0.007101676892,3.722768784,112.8111725,521,215,399,348,38,97,399,660,11,10,0,^3Xeo_Crypto,^5ski
2020-02-16 sikurd 4v4 (2).dm_26.dm_meta,1997073,0:19:26,831810,,MOD_ROCKET,good,FALSE,2025-06-29 18:28:02,,,,,,,,,,,2.156044006,0.03266733512,9.103134155,275.8525391,261,441,0,161,939,225,419,363,-26,349,97,^3Xen_Crypt,^0Fl^5y^0nn
2020-02-21 carratos 4v4.dm_26.dm_meta,1253018,0:16:23,274139,1485701,MOD_ROCKET,good,FALSE,2025-06-27 15:06:37,,,,,,,,,,,7.3992939,0.04484420642,49.74429703,1507.402954,372,480,272,431,909,129,516,528,10,644,80,^3Xen_Crypt,^7Padawan
2020-02-21 carratos 4v4.dm_26.dm_meta,1273775,0:16:44,274139,1485701,MOD_REPEATER_ALT,good,FALSE,2025-07-01 3:30:24,,,,,,,,,,,17.99027252,0.181719929,39.34837341,1192.375,281,321,0,658,258,287,438,231,50,369,221,^3Xen_Crypt,^0Fl^5y^0nn
2020-02-21 kejim 4v4 0808.dm_26.dm_meta,356474,0:02:44,193817,1408679,MOD_ROCKET,good,FALSE,2025-06-29 18:28:02,,,,,,,,,,,0,0,10.23182487,310.0552979,360,412,0,366,942,69,572,297,7,503,43,^3Xen_Crypt,^3L^7G
2020-03-21 nelvaan 3v3.dm_26.dm_meta,466628,0:04:19,209327,1080296,MOD_REPEATER_ALT,good,FALSE,2025-06-27 15:06:37,,,,,,,,,,,0.324282825,0.003275584197,0.324282825,9.826752663,1019,261,0,604,301,56,100,759,44,56,0,^3Xen_Crypt,^4^^0ub^43^7rn00^4b
2020-03-28 kejim 4v4 (4).dm_26.dm_meta,3726838,0:05:59,3373705,4584277,MOD_BRYAR_PISTOL_ALT,good,FALSE,2025-06-29 18:28:02,,,,,,,,,,,7.571871758,0.114725329,7.571871758,229.4506531,498,537,0,774,880,261,758,462,-5,584,21,^3Xen_Crypt,^7enab
2020-03-28 kejim 4v4 (4).dm_26.dm_meta,4265992,0:14:58,3373705,4584277,MOD_REPEATER_ALT,good,FALSE,2025-06-29 19:54:11,,,,,,,,,,,0,0,0.3741808534,11.33881378,728,330,173,341,628,235,513,858,11,67,16,^3Xen_Crypt,^7enab
2020-04-01 carratos 4v4.dm_26.dm_meta,821081,0:12:04,98381,1312253,MOD_BRYAR_PISTOL_ALT,good,FALSE,2025-06-27 15:06:37,,,,,,,,,,,0,0,16.04396057,486.1806335,559,454,0,681,800,308,682,297,0,567,404,^3Xen_Crypt,
2020-04-03 kejim 4v4 (2).dm_26.dm_meta,795110,0:12:36,40730,1255592,MOD_ROCKET,good,FALSE,2025-06-29 19:15:55,,,,,,,,,,,26.38751793,0.1142316759,41.00931549,1242.706543,251,323,0,356,665,131,580,165,9,756,414,^3Xen_Crypt,^5ski
2020-04-03 kharzet 4v4.dm_26.dm_meta,314535,0:03:51,85053,1299915,MOD_BRYAR_PISTOL_ALT,good,FALSE,2025-06-29 19:15:55,,,,,,,,,,,9.798440933,0.07423061132,10.55252838,319.7735901,424,425,0,673,904,308,578,231,-1,205,16,^3Xen_Crypt,^2alemao
2020-04-10 kejim 4v4 (2).dm_26.dm_meta,1330667,0:03:36,1116266,2331194,MOD_BRYAR_PISTOL_ALT,good,FALSE,2025-06-29 18:28:02,,,,,,,,,,,0,0,10.40255356,315.2289124,1564,919,37,1091,839,354,555,990,-19,250,50,^3Xen_Crypt,^7teh
2020-04-10 nelvaan 3v3.dm_26.dm_meta,1095938,0:17:20,56900,,MOD_BRYAR_PISTOL_ALT,good,FALSE,2025-06-27 15:06:37,,,,,,,,,,,11.07767296,0.05594784394,117.0441666,3546.792969,383,548,0,1263,780,193,574,264,-18,503,16,^3Xen_Crypt,^7lune^6HEY
2020-04-12 paulking 4v4.dm_26.dm_meta,923616,0:04:06,678624,1893519,MOD_BRYAR_PISTOL_ALT,good,FALSE,2025-06-29 19:15:55,,,,,,,,,,,2.747921944,0.08327036351,11.88726902,360.2202759,384,265,0,469,815,242,532,198,0,664,27,^3Xen_Crypt,
2020-04-17 taspir 5v5.dm_26.dm_meta,1316514,0:19:24,154056,1368423,MOD_BRYAR_PISTOL_ALT,good,FALSE,2025-06-29 19:15:55,,,,,,,,,,,7.840148449,0.07919342071,58.41618347,1770.187378,260,540,0,848,1074,138,570,198,3,364,65,^3Xen_Crypt,^7jaw4
2020-04-18 manaan 4v4.dm_26.dm_meta,1251071,0:18:50,121976,,MOD_ROCKET,good,FALSE,2025-06-27 15:06:37,,,,,,,,,,,2.630560398,0.07971394807,7.865647316,238.352951,4069,399,165,351,599,18,452,2178,-2,41,0,^3Xen_Crypt,^7x
2020-04-19 dantooine 4v4.dm_26.dm_meta,987764,0:12:58,211241,,MOD_REPEATER_ALT,good,FALSE,2025-06-27 15:06:37,,,,,,,,,,,2.188803673,0.0663273856,12.5295887,379.6845093,875,469,0,536,445,862,458,759,-3,298,269,^3Xen_Crypt,^3<^7pro^4*
2020-05-03 talravin 4v4.dm_26.dm_meta,897847,0:10:21,277810,1492375,MOD_ROCKET,good,FALSE,2025-06-29 18:28:02,,,,,,,,,,,11.52678013,0.04989948124,39.18395615,1187.392578,545,601,30,512,931,53,652,1056,5,511,80,^3Xen_Crypt,^7enab
2020-05-11 kharzet 4v4 0535.dm_26.dm_meta,265988,0:01:52,154976,1288163,MOD_REPEATER_ALT,good,FALSE,2025-06-29 18:28:02,,,,,,,,,,,0,0,0,0,542,455,406,565,850,317,489,330,-11,207,58,^3Xen_Crypt,^7M^0er^3c^0e^7r
2020-05-13 paulking 4v4.dm_26.dm_meta,253151,0:00:23,231602,1446200,MOD_ROCKET,good,FALSE,2025-06-27 15:06:37,,,,,,,,,,,0,0,1.528294563,46.31195831,315,325,54,286,1054,638,584,429,-16,458,237,^3Xen_Crypt,^7lagger
2020-05-14 manaan 4v4.dm_26.dm_meta,806004,0:11:17,129966,877779,MOD_BRYAR_PISTOL_ALT,good,FALSE,2025-06-27 15:06:37,,,,,,,,,,,0.4101889431,0.01242996752,8.128927231,246.331131,928,425,0,525,212,221,390,528,54,264,154,^3Xen_Crypt,^7Seaal
2020-05-16 manaan 4v4.dm_26.dm_meta,454063,0:00:21,433999,1373047,MOD_ROCKET,good,FALSE,2025-06-29 18:28:02,,,,,,,,,,,0,0,3.633178711,110.0963287,400,453,242,403,1057,73,507,660,-8,376,35,^3Xen_Crypt of the Saber,^7notspectator
2020-05-20 kejim 4v4 (2).dm_26.dm_meta,607047,0:06:14,234510,1449405,MOD_REPEATER_ALT,good,FALSE,2025-06-29 18:28:02,,,,,,,,,,,4.996551514,0.05047021806,73.94947815,2240.893311,384,432,0,542,230,573,364,264,71,208,26,^3Xen_Crypt,^3Pro_Crypt
2020-06-03 kejim 2v2 (3).dm_26.dm_meta,8403911,0:18:54,7270757,8484860,MOD_REPEATER_ALT,good,FALSE,2025-06-27 15:06:37,,,,,,,,,,,6.852585316,0.06921803206,8.147880554,246.9054718,826,265,283,451,572,89,339,627,9,37,0,^3Xen_Crypt,^7lg
2020-06-03 kejim 2v2.dm_26.dm_meta,6092088,0:15:03,5190561,6144855,MOD_BRYAR_PISTOL_ALT,good,FALSE,2025-06-29 18:28:02,,,,,,,,,,,0,0,27.870718,844.5671997,421,431,0,416,746,288,818,231,-2,768,128,^3Xen_Crypt,^7M^0er^6c^0e^7r
2020-06-20 dantooine 4v4.dm_26.dm_meta,968426,0:10:56,314003,1528865,MOD_BRYAR_PISTOL_ALT,good,FALSE,2025-06-27 15:06:37,,,,,,,,,,,0.2395044714,0.007257711142,48.0873642,1457.192871,280,848,173,862,925,134,588,165,28,334,26,^3PURPOSE,^4r^7d^4l
2020-07-19 dantooine 2v2 (2).dm_26.dm_meta,9918751,0:01:24,9836152,10793152,MOD_BRYAR_PISTOL_ALT,good,FALSE,2025-06-29 18:28:02,,,,,,,,,,,0,0,16.68358612,505.5632324,278,623,23,708,829,269,681,198,-11,565,259,^7xen,^1X'S APOSTLE
2020-09-05 nelvaan 4v4.dm_26.dm_meta,528767,0:04:51,238829,1453724,MOD_BRYAR_PISTOL_ALT,good,FALSE,2025-06-27 15:06:37,,,,,,,,,,,1.236047268,0.009363994002,71.98602295,2181.394531,464,520,59,663,1016,220,548,264,-4,768,21,^7flor_mourner_2,^7lg
2020-09-06 kejim 1v1.dm_26.dm_meta,11660734,0:03:53,11428678,12225298,MOD_REPEATER_ALT,good,FALSE,2025-06-29 18:28:02,,,,,,,,,,,0.9965513945,0.0301985275,3.644895554,110.4513779,860,426,0,428,186,156,443,693,-4,8,0,^7flor_mourner_2,^7lg
2020-09-15 kharzet 4v4.dm_26.dm_meta,1167779,0:17:10,139136,1353998,MOD_ROCKET,good,FALSE,2025-06-29 18:28:02,,,,,,,,,,,4.945034504,0.02497492172,16.71648598,506.5601807,572,196,0,413,725,34,570,759,3,185,140,^3Xen_Crypt,^7cocaine addict
4 xenplaying0 mpctf_kejim 2022-02-07_04-14-08.dm_26.dm_meta,780491,0:07:14,346838,1562459,MOD_BRYAR_PISTOL_ALT,good,FALSE,2025-06-27 15:06:37,,,,,,,,,,,0,0,0,0,819,453,694,627,655,159,540,363,4,477,67,^7xenplaying0,^7ToM_Crypt
7 Eclipse mpctf_kejim 2015-03-28_21-58-51.dm_26.dm_meta,853718,0:13:17,56702,1272356,MOD_ROCKET,good,FALSE,2025-06-26 0:28:03,,,,,,,,,,,2.733151436,0.002671702299,34.00458527,1030.442017,121,200,62,233,331,122,502,99,-20,20,0,Eclipse,Czar
awb_offense_ctf4_042_smooth.dm_26.dm_meta,26260850,0:02:58,26084050,27285200,MOD_REPEATER_ALT,good,FALSE,2025-06-27 15:06:37,,,,,,,,,,,8.165121078,0.1633024216,45.97697449,1393.241699,1080,431,178,437,235,105,190,650,7,28,0,^7Khalifa^5_^7aw^5b,Mahdi^5_^7f^5p
ayatollah_vs_nL_ctf4_pov_awb.dm_26.dm_meta,26260850,0:02:58,26084050,27285200,MOD_REPEATER_ALT,good,FALSE,2025-06-25 20:59:48,,,,,,,,,,,8.165121078,0.1633024216,45.97697449,1393.241699,1080,431,178,437,235,105,190,650,7,28,0,^7Khalifa^5_^7aw^5b,Mahdi^5_^7f^5p
ghost_chase_pugtrain_ctf4 (5).dm_26.dm_meta,172690677,0:07:19,172252800,,MOD_ROCKET,good,FALSE,2025-06-25 20:59:48,,,,,,,,,,,0,0,7.541834354,228.5404358,1068,342,0,381,536,157,338,825,30,713,439,^1px^7tensio,^4t^7C^4f^5*^7erin
ghost_chase_pugtrain_ctf4_triplays.dm_26.dm_meta,4814163,0:09:25,4250061,,MOD_BRYAR_PISTOL_ALT,good,FALSE,2025-06-25 20:59:48,,,,,,,,,,,1.940603495,0.007350770757,139.5594025,4229.072754,560,463,0,431,1118,391,611,330,0,339,89,^7g^1h^7o^1s^7t^1`-,^1M^7aule^1D
ghost_chase_pugtrain_ctf4.dm_26.dm_meta,186140598,0:01:02,186079416,187287975,MOD_ROCKET,good,FALSE,2025-06-25 20:59:48,,,,,,,,,,,58.43598175,0.07699075341,64.08799744,1942.060547,682,467,0,433,765,229,311,627,27,499,291,^7g^1h^7o^1s^7t^1`-,^7t^41^7mg^3!^6
ghost_offense_pugforall_dosuun.dm_26.dm_meta,510607350,0:01:30,510518000,,MOD_ROCKET,good,FALSE,2025-06-25 20:59:48,,,,,,,,,,,0,0,0.934871316,28.32943344,2136,622,5,351,254,73,325,2100,-9,99,70,^7g^1h^7o^1s^7t^1`-,^7J^4a^7X^4`
jax_chase_ctf4_010_smooth.dm_26.dm_meta,5169900,0:15:04,4267600,5472950,MOD_BRYAR_PISTOL_ALT,good,FALSE,2025-06-29 18:28:02,,,,,,,,,,,0,0,15.14336967,458.8899841,448,545,92,365,942,272,507,350,1,752,28,^4S^7uga ^4R^7ay ^4C^7harles,^7Oct^1a^7ne
jax_chase_ctf4_010_smooth.dm_26.dm_meta,4953850,0:11:28,4267600,5472950,MOD_ROCKET,good,FALSE,2025-06-29 19:54:11,,,,,,,,,,,3.244823694,0.007210719399,23.72853088,719.0463867,748,247,0,302,549,239,536,650,0,627,102,^4S^7uga ^4R^7ay ^4C^7harles,
OVERHALLIA. BRAS_0719_ctf_cairn.dm_26.dm_meta,171311,0:00:13,159134,,MOD_ROCKET,good,FALSE,2025-06-29 18:28:02,,,,,,,,,,,7.680113316,0.1163653508,69.2913208,2099.737061,343,147,0,425,645,159,482,33,-5,476,70,^3Xen_Crypt,^3^^7Seef^3.
OVERHALLIA. BRAS_1654_ctf_kejim.dm_26.dm_meta,1158675,0:16:52,147489,,MOD_BRYAR_PISTOL_ALT,good,FALSE,2025-06-27 15:06:37,,,,,,,,,,,0.5328369141,0.008073286153,3.436197042,104.127182,961,691,105,695,1345,216,925,957,0,394,47,^3Xen_Crypt,^5ski
xencrypt_1air_2ndairunsure_ctf_telti.dm_26.dm_meta,55050756,0:12:37,55003929,55056894,MOD_ROCKET,good,FALSE,2025-06-27 15:06:37,,,,,,,,,,,0,0,0,0,1189,416,593,499,1027,33,688,825,14,989,300,^3Xen_Crypt,^2So^7te