_source_file,time_raw,human_time,map_start_time_raw,map_end_time_raw,mod_name,consensus,status_source,extreme_99th,prob_rf,prob_et,prob_lr,prob_gb,prob_xgb,prob_lsvc,prob_csvc,prob_knn,prob_mlp,prob_gnb,prob_nb,view_delta_deg,view_speed_deg_per_ms,view_best_delta_deg,view_best_speed_deg_per_sec,attacker_target_distance,attacker_xy_speed,attacker_z_speed,attacker_distance_last_second,target_xy_speed,target_z_speed,target_distance_last_second,missile_lifetime,missile_pitch,target_corpse_travel_distance,target_corpse_travel_z_distance,attacker_name,target_name
1 Xen_Crypt mpctf_kejim 2015-11-09_01-27-39.dm_26.dm_meta,2012224,0:08:48,1484818,2700439,MOD_ROCKET,good,ml,FALSE,0.2333333333,0.2966666667,0.6943238608,0.03286495959,0.03173752129,0.2851565957,0.5125180092,0.4,1.19E-08,0.9997466012,,1.135119438,0.03439755738,11.86024952,359.4014893,1383,434,0,534,419,9,295,1452,-1,59,0,^3Xen_Crypt,^^0<^1=
10 xen mpctf_telti 2023-03-15_21-33-20.dm_26.dm_meta,297833,0:00:47,251600,1466231,MOD_ROCKET,good,ml,FALSE,0.05666666667,0.11,0.1092896776,0.02793366716,0.0006424190942,-0.7949455798,0.1527672403,0,6.80E-13,0.5284533698,,2.083328962,0.03156559169,10.58066273,320.6261597,73,370,467,673,952,177,550,132,5,352,45,^7xen,^7fuck shitty euro net
10 Xen_Cryp(90 power) mpctf_kejim 2023-10-14_22-01-42.dm_26.dm_meta,1248299,0:18:28,141050,1355681,MOD_ROCKET,good,ml,FALSE,0.2766666667,0.3566666667,0.4837082473,0.3487516105,0.09274804592,-0.05254634177,0.367527696,0.4,3.75E-05,0.8885787581,,0,0,1.102389216,33.40573502,723,267,0,283,773,355,594,1023,-21,41,15,^3Xen_Cryp(90. power),^7?fuck jawa
10 Xen_Crypt mpctf_kejim 2015-09-19_23-24-22.dm_26.dm_meta,983936,0:13:40,164084,1379705,MOD_ROCKET,good,ml,TRUE,0.42,0.4433333333,0.5186573511,0.5866389404,0.08232600242,-0.002044630189,0.4074998856,0.4,4.88E-12,0.01806330428,,77.87646484,0.102604039,77.93928528,2361.796631,400,331,0,323,813,340,663,330,3,197,151,^3Xen_Crypt,Florentino Ariza
10 Xen_Crypt mpctf_kejim 2017-03-18_19-26-31.dm_26.dm_meta,430402,0:03:55,196201,1411822,MOD_ROCKET,good,ml,FALSE,0.3166666667,0.3,0.278309185,0.2151160849,0.07432539016,-0.3699424213,0.2569216787,0.2,0.01054357123,0.5365740882,,0.3863221705,0.01170673221,1.87642014,56.8612175,471,321,0,497,727,238,543,462,3,485,51,^3Xen_Crypt,^7snk
10 Xen_Crypt mpctf_kejim 2021-10-10_20-02-14.dm_26.dm_meta,591533,0:08:12,99701,1315322,MOD_THERMAL,good,ml,FALSE,0.545,0.5,0.8220688025,0.7594867032,0.9142782688,0.571852164,0.3034366481,0.6,1,0.993806696,,0.9843804836,0.02982971072,0.9843804836,29.82971191,259,17,318,308,899,26,594,396,-19,900,9,^3Xen_Crypt,^4h^0annah
11 Xen_Crypt mpctf_ichtor 2017-01-18_02-04-59.dm_26.dm_meta,768545,0:09:59,170321,1385942,MOD_BRYAR_PISTOL_ALT,good,ml,FALSE,0.3633333333,0.4066666667,0.2423164618,0.5128468244,0.07660815865,-0.4518831552,0.5489390565,0.8,6.30E-06,0.9347697172,,0,0,1.183786392,35.87231445,515,443,290,717,881,5,471,495,8,121,20,^3Xen_Crypt,^7serk
11 Xen_Crypt mpctf_illimiran 2022-10-02_21-49-34.dm_26.dm_meta,430889,0:03:36,215333,1431086,MOD_BRYAR_PISTOL_ALT,good,ml,FALSE,0.6633333333,0.5566666667,0.3675545805,0.7982891704,0.832437396,-0.2205364097,0.4843554221,0.6,0.6525912896,0.9580468232,,0,0,10.86209106,329.1542664,474,845,304,795,1052,119,507,561,1,713,73,^3Xen_Crypt,^7lg
11 Xen_Crypt mpctf_kejim 2024-12-30_23-11-04.dm_26.dm_meta,775508,0:10:47,128576,1431977,MOD_BRYAR_PISTOL_ALT,good,ml,FALSE,0.67,0.6433333333,0.6518458491,0.8304807865,0.9713705182,0.2687237841,0.4798666499,0.6,0.01758094748,0.9667023053,,0,0,5.779019833,175.1218109,767,453,0,427,746,60,648,462,3,385,64,^3Xen_Crypt,^7lg
11 Xen_Crypt mpctf_kothis_v4 2022-10-14_17-57-07.dm_26.dm_meta,547379,0:00:42,505337,1719968,MOD_THERMAL,good,ml,FALSE,0.5447222222,0.6433333333,0.7113770557,0.9360108724,0.7140022516,0.2912431198,0.3517932712,0.4,1,0.9997657572,,0,0,3.074508905,93.16693878,262,342,484,510,1068,315,549,330,17,186,23,^3Xen_Crypt,^2h^0annah
12 Xen_Crypt mpctf4 2015-10-11_19-52-54.dm_26.dm_meta,418085,0:05:27,91880,1307501,MOD_ROCKET,good,ml,TRUE,0.4033333333,0.44,0.354048519,0.8550841383,0.1405654252,-0.1927437059,0.3270722281,0.4,8.98E-16,0.01059589001,,57.02304459,0.2879951894,57.96779633,1756.599854,705,449,0,653,723,411,735,792,-55,57,0,^3Xen_Crypt,^7pete^4@^7backpackmode
12 Xen_Crypt mpctf_kejim 2021-04-14_00-55-07.dm_26.dm_meta,1176759,0:13:29,368028,1345884,MOD_ROCKET,good,ml,FALSE,0.45,0.45,0.3122757905,0.5339588934,0.4918159842,-0.3154523545,0.2813663635,0.4,7.15E-11,0.5104826978,,0,0,10.13365459,307.0804443,357,446,29,492,990,61,669,528,-7,394,56,^3Xen_Crypt,^3I^1n^0glorious
12 Xen_Crypt mpctf_manaan 2017-09-09_19-38-33.dm_26.dm_meta,179033,0:00:31,148739,815372,MOD_BRYAR_PISTOL_ALT,good,ml,FALSE,0.5566666667,0.45,0.379320289,0.5048629835,0.6681436896,-0.1963009845,0.5085433368,0.4,0.8711577945,0.9317693235,,0,0,0.8461077809,25.63962936,964,446,350,426,814,274,416,693,-4,834,130,^3Xen_Crypt,^7delta
13 Xen ctf_illimiran_v2 2024-04-05_23-05-53.dm_26.dm_meta,1245428,0:19:49,56405,1271036,MOD_BRYAR_PISTOL_ALT,good,ml,TRUE,0.4766666667,0.3866666667,0.06039411511,0.7257770252,0.9581733346,-1.077237942,0.5322691052,0.2,4.30E-51,0.8149402744,,6.393651485,0.06458234042,25.6913147,778.5247192,1524,1004,285,1110,557,217,494,2211,-5,420,37,^3Xen,^2h^0annah
13 Xen mpctf_manaan 2024-04-06_00-00-00.dm_26.dm_meta,475934,0:05:25,151148,1365779,MOD_ROCKET,good,ml,FALSE,0.2866666667,0.31,0.3615308985,0.04463305848,0.001989243785,-0.2426664191,0.2966929129,0.6,1.32E-10,0.5245979985,,1.105232239,0.008372971788,5.548250675,168.1288147,451,0,0,175,986,7,537,462,1,412,43,^3Xen,^7mercer pickable
13 Xen_Crypt mpctf4 2017-06-17_23-23-07.dm_26.dm_meta,1322751,0:18:57,185703,1401324,MOD_BRYAR_PISTOL_ALT,good,ml,TRUE,0.6266666667,0.6633333333,0.4530442044,0.8094529846,0.8330956697,-0.1093147229,0.4830996769,0.4,1,0.9804980414,,0,0,2.905717611,88.05204773,701,939,11,918,1223,192,800,990,0,383,60,^3Xen_Crypt,^0C^2y^7donis
13 Xen_Crypt mpctf_kothis 2017-06-17_23-54-00.dm_26.dm_meta,1033106,0:14:22,171542,2470190,MOD_BRYAR_PISTOL_ALT,good,ml,TRUE,0.64,0.6233333333,0.8665803295,0.9321743028,0.9853954315,0.6691540917,0.4847832314,0.2,1.39E-06,0.6356349864,,0,0,40.46916199,1226.338257,600,218,0,503,408,1065,723,297,50,416,125,^3Xen_Crypt,^7ariza
13 Xen_Crypt mpctf_krildor 2021-11-16_04-21-48.dm_26.dm_meta,427325,0:04:03,184643,1400264,MOD_ROCKET,good,ml,FALSE,0.4316666667,0.45,0.5465399644,0.3267523636,0.1839714199,0.01179168679,0.3918061618,0.4,0.9608847901,0.7841241712,,0.3185088038,0.001608630293,1.11840868,33.8911705,705,344,0,337,819,399,509,594,11,433,118,^3Xen_Crypt,^7r^4d^7l
15 Xen_Crypt mpctf_kejim 2017-01-22_23-56-25.dm_26.dm_meta,732051,0:10:14,118977,1334598,MOD_REPEATER_ALT_SPLASH,good,ml,FALSE,0.6566666667,0.6166666667,0.6107531253,0.8197102521,0.9710015059,0.146372147,0.4844061466,0.4,0.1038237479,0.9861976312,,0,0,0,0,1333,261,0,389,533,163,481,,,398,67,^3Xen_Crypt,^7schizo
16 Xen_Cryptpl mpctf4 2016-04-03_17-37-25.dm_26.dm_meta,1221107,0:16:35,226619,1442240,MOD_BRYAR_PISTOL_ALT,good,ml,FALSE,0.42,0.4433333333,0.1783188923,0.654626692,0.1119719148,-0.5936872569,0.514392781,0.8,1,0.6744854556,,0,0,2.455542564,74.4103775,576,97,0,684,231,145,227,330,-20,606,606,^3Xen_Crypt.pl,^0Bourbon
2  mpctf_talravin 2020-08-05_00-50-05.dm_26.dm_meta,978821,0:12:38,221570,1437191,MOD_ROCKET,good,pre_good,FALSE,,,,,,,,,,,,11.79510307,0.05106105283,11.79510307,357.4273682,929,61,776,592,839,63,433,924,7,411,253,^7???,^7algae
2 krieg mpctf4 2023-03-29_22-05-02.dm_26.dm_meta,1198337,0:14:57,301529,1516160,MOD_THERMAL,good,pre_good,TRUE,,,,,,,,,,,,0,0,0.7328177094,22.20659828,585,665,893,845,1110,122,742,660,20,624,44,^7krieg,^1j^7awa
2 xenoonly mpctf_kejim 2021-12-17_01-35-33.dm_26.dm_meta,1445709,0:14:12,593715,1809336,MOD_BRYAR_PISTOL_ALT,good,ml,FALSE,0.5933333333,0.6233333333,0.576833169,0.9303078172,0.8535305262,0.1315639635,0.4724477148,0.6,1,0.8680771651,,4.957044125,0.02503557689,25.68279839,778.2666016,602,313,0,706,443,396,547,264,-2,630,462,^0xen^6o^0only,^0Fl^6y^0nn
2 Xen_Crypt ctf_metalorn_v2 2024-03-29_21-46-22.dm_26.dm_meta,380498,0:01:49,272027,1486658,MOD_THERMAL,good,pre_good,FALSE,,,,,,,,,,,,0,0,32.01521301,970.157959,409,224,0,594,1054,942,662,396,-20,252,24,^3Xen_Crypt,^7L^4S
2 Xen_Crypt mpctf4 2024-09-01_21-38-14.dm_26.dm_meta,1092242,0:14:46,206390,1421021,MOD_BRYAR_PISTOL_ALT,good,ml,FALSE,0.63,0.5966666667,0.4286860819,0.7674352173,0.865442872,-0.110825928,0.4926784058,0.6,0.9999994384,0.9693032382,,0,0,6.413760185,194.356369,582,554,86,627,940,134,578,594,1,679,78,^3Xen_Crypt,^7ez
2 Xen_Crypt mpctf_barkhesh 2025-03-02_16-55-16.dm_26.dm_meta,485075,0:07:36,30005,1237640,MOD_BRYAR_PISTOL_ALT,good,ml,FALSE,0.7866666667,0.6633333333,0.648203933,0.9564165329,0.9953055978,0.2394870636,0.4810252542,0.4,0.9976689463,0.9793450681,,1.137416601,0.01723358408,10.76335144,326.1621704,677,703,6,713,1230,42,878,693,0,518,40,^3Xen_Crypt,^7Padawan
2 Xen_Crypt mpctf_kejim 2016-04-30_00-35-48.dm_26.dm_meta,3093122,0:06:04,2729627,4033160,MOD_BRYAR_PISTOL_ALT,good,ml,FALSE,0.6066666667,0.69,0.3071814451,0.7155395041,0.8789384365,-0.2976594164,0.4948514323,0.8,0.9999994749,0.9183376511,,0,0,0.1066579521,3.23205924,590,493,0,462,624,9,463,462,-1,38,0,^3Xen_Crypt,^3Xen_Picked
2 Xen_Crypt mpctf_kejim 2020-03-26_02-32-50.dm_26.dm_meta,778020,0:11:24,94656,1310277,MOD_BRYAR_PISTOL_ALT,good,ml,FALSE,0.6466666667,0.6033333333,0.6487372624,0.9030615088,0.8945593834,0.267970257,0.5485964865,0.4,1,0.9419265943,,0,0,0,0,1117,0,0,533,360,1,571,726,14,109,23,^3Xen_Crypt,^0C^8y^7donis
2 Xen_Crypt mpctf_kejim 2023-09-29_21-36-01.dm_26.dm_meta,1482368,0:17:49,347894,1708385,MOD_ROCKET,good,pre_good,FALSE,,,,,,,,,,,,0,0,35.81902313,1085.424927,222,470,26,270,308,479,448,231,73,1005,750,^3Xen_Crypt,^7lg
2 Xen_Crypt mpctf_kejim 2023-10-01_20-59-41.dm_26.dm_meta,1183256,0:14:54,255263,1575890,MOD_THERMAL,good,pre_good,FALSE,,,,,,,,,,,,0,0,3.228003979,97.81830597,414,445,202,612,1013,297,620,561,30,203,45,^3Xen_Crypt,^7spectator
2 Xen_Crypt mpctf_kejim 2024-06-20_19-26-15.dm_26.dm_meta,336480,0:01:59,218142,1432773,MOD_REPEATER_ALT_SPLASH,good,ml,FALSE,0.35,0.37,0.5664935351,0.5451295638,0.004528491758,0.06195883211,0.4339822385,0.4,0.2652791273,0.8957659408,,5.872418404,0.05931735784,15.48560524,469.2607727,999,337,60,310,356,583,639,,,78,61,^3Xen_Crypt,^7jaw^14
2 Xen_Crypt mpctf_kejim 2025-03-02_17-35-28.dm_26.dm_meta,569258,0:04:19,73532,1525400,MOD_ROCKET,good,ml,FALSE,0.1,0.1933333333,0.2029430343,0.1047886724,0.0701957792,-0.5628518465,0.197597399,0.4,1.57E-08,0.527697414,,0,0,23.86136627,723.0717163,48,454,174,598,1055,341,501,132,31,818,177,^3Xen_Crypt,^6*^7Bombshell^6*
3 Demon1 mpctf_talay 2023-08-27_23-00-35.dm_26.dm_meta,520154,0:06:49,111878,1326509,MOD_ROCKET,good,ml,TRUE,0.09333333333,0.15,0.03034146011,0.07424438416,0.002532837214,-1.238159338,0.09048285258,0.4,6.32E-80,0.6798909483,,0,0,40.49245453,1227.044067,40,442,1117,1158,841,168,583,33,-28,212,40,^1Demon1,^7DestroyerMan99
3 Xen_Crypt ctf_dantooine_v3 2024-06-02_23-57-19.dm_26.dm_meta,1090064,0:15:20,170849,1385447,MOD_BRYAR_PISTOL_ALT,good,ml,FALSE,0.67,0.62,0.5734394928,0.8150892676,0.9775727987,0.1212533652,0.4442321106,0.6,0.9999995266,0.9553329835,,4.248915195,0.04291833565,12.32831764,373.5853882,545,803,74,724,1018,279,586,561,0,927,33,^3Xen_Crypt,^7lg
3 Xen_Crypt ctf_dantooine_v3 2025-02-14_23-16-14.dm_26.dm_meta,161147,0:01:51,50630,1336409,MOD_REPEATER_ALT_SPLASH,good,ml,FALSE,0.54,0.5166666667,0.5376165488,0.7249032864,0.733682394,0.02330943626,0.4165670216,0.4,1,0.8210670512,,3.630561829,0.110017024,12.89665794,390.8078308,919,483,279,336,860,304,785,,,1023,239,^3Xen_Crypt,^7flor
3 Xen_Crypt ctf_ziost_v4 2023-10-13_23-47-38.dm_26.dm_meta,95939,0:00:53,43601,1329875,MOD_BRYAR_PISTOL_ALT,good,ml,FALSE,0.5966666667,0.49,0.509913813,0.7210306416,0.8072434068,0.04809175363,0.462855396,0.8,0.9875075105,0.9636042592,,3.458530188,0.01746732369,16.52692986,500.8160706,404,768,224,696,852,217,749,462,-3,693,44,^3Xen_Crypt,^1j^7awa
3 Xen_Crypt mpctf_kejim 2015-12-28_02-32-18.dm_26.dm_meta,209425,0:00:42,167925,1383500,MOD_BRYAR_PISTOL_ALT,good,ml,FALSE,0.7466666667,0.71,0.5541765508,0.9216162339,0.9548534155,0.08303808767,0.4724320452,0.6,1,0.9809213614,,2.352645874,0.01045620348,4.198894024,127.239212,635,770,14,769,1182,118,738,700,-1,611,74,^3Xen_Crypt,^6S^0olid ^6S^0nake
3 Xen_Crypt mpctf_kejim 2021-11-21_01-23-57.dm_26.dm_meta,601037,0:06:15,226652,1442273,MOD_BRYAR_PISTOL_ALT,good,pre_good,FALSE,,,,,,,,,,,,0,0,39.57418442,1199.217773,311,199,425,641,717,19,463,198,29,436,136,^3Xen_Crypt,^7Padawan
3 Xen_Crypt mpctf_kejim 2024-06-29_20-16-05.dm_26.dm_meta,891404,0:10:59,52247,1447883,MOD_BRYAR_PISTOL_ALT,good,ml,FALSE,0.5066666667,0.6366666667,0.2448462701,0.2716096469,0.6129903197,-0.4208147519,0.5311946037,0.6,0.9930740068,0.8220962675,,0,0,18.89917374,572.7022095,294,253,113,262,706,47,390,165,22,888,521,^3Xen_Crypt,^7ez
3 Xen_Crypt mpctf_kejim 2024-07-14_23-48-08.dm_26.dm_meta,650702,0:08:56,115343,1329974,MOD_ROCKET,good,pre_good,FALSE,,,,,,,,,,,,11.88369942,0.05144458637,39.56635284,1198.980347,619,888,590,923,611,212,751,363,0,172,58,^3Xen_Crypt,^5legacy boon pugger
3 Xen_Crypt mpctf_kharzet 2021-02-21_05-04-08.dm_26.dm_meta,579191,0:07:26,133889,1349510,MOD_BRYAR_PISTOL_ALT,good,ml,FALSE,0.6166666667,0.5266666667,0.431887106,0.680187448,0.7737007737,-0.09691432547,0.4858473829,0.4,0.000428104385,0.9522725368,,1.167823911,0.03538860381,25.9477787,786.2963257,467,773,350,695,983,85,673,462,-2,605,61,^3Xen_Crypt,^7Padawan
3 Xen_Crypt mpctf_nelvaan 2016-03-26_13-25-07.dm_26.dm_meta,526626,0:07:40,67530,1283151,MOD_BRYAR_PISTOL_ALT,good,ml,FALSE,0.7333333333,0.7233333333,0.5371237993,0.8300775097,0.9019377232,0.04803815651,0.469990676,0.6,1,0.9771968365,,0,0,2.155631304,65.32215881,579,824,77,751,1019,159,727,627,-1,592,208,^3Xen_Crypt,^7spectator
4 xen ctf_dantooine_v3 2023-10-15_04-02-28.dm_26.dm_meta,1152962,0:17:43,90692,1361159,MOD_ROCKET,good,pre_good,TRUE,,,,,,,,,,,,24.67658615,0.2492584437,66.42997742,2013.029663,439,447,338,464,567,499,601,330,87,628,186,^7xen,^7Levi
4 xen mpctf_kejim 2023-09-02_22-51-39.dm_26.dm_meta,724028,0:09:59,125309,1339940,MOD_REPEATER_ALT_SPLASH,good,ml,FALSE,0.4577777778,0.5366666667,0.5032543511,0.4319474067,0.4723632336,-0.01465417334,0.4141848197,0.4,0.75588819,0.9435444819,,0,0,21.60493088,654.6948853,1129,288,42,419,399,352,465,,,235,87,^7xen,^4#^7include
4 xen mpctf_kejim 2023-10-15_04-46-11.dm_26.dm_meta,183752,0:02:06,58319,1272950,MOD_ROCKET,good,ml,FALSE,0.19,0.2733333333,0.1182968692,0.02055084169,0.00175718125,-0.7023321661,0.1830047518,0.6,1,0.6148238706,,0,0,0.1105477959,3.349933147,582,179,801,446,227,7,567,594,0,6,0,^7xen,^1j^7awa
4 Xen_Crypt ctf_dantooine_v3 2024-08-24_03-11-23.dm_26.dm_meta,93629,0:00:15,79505,1337234,MOD_ROCKET,good,ml,FALSE,0.3766666667,0.39,0.5009624238,0.2569716433,0.4568101764,-0.04245884819,0.3831232094,0.2,1.00E-19,0.6721394537,,0.3432238698,0.001300090458,4.184045792,126.7892685,579,449,0,388,955,11,635,660,-1,162,0,^3Xen_Crypt,^7r^4d^7l
4 Xen_Crypt ctf_emerido_v2 2023-02-23_23-41-07.dm_26.dm_meta,3149103,0:16:42,2147322,3361953,MOD_BRYAR_PISTOL_ALT,good,ml,TRUE,0.52,0.5133333333,0.217231627,0.8308655286,0.5864650011,-0.5911481837,0.5650942454,0.4,1.10E-77,2.35E-17,,16.88021469,0.5115216374,123.1427307,3731.5979,334,72,514,276,104,1151,484,132,72,422,341,^3Xen_Crypt,^7lg
4 Xen_Crypt ctf_kharzet_v3 2024-08-17_01-07-49.dm_26.dm_meta,380564,0:05:42,39047,1253678,MOD_ROCKET,good,pre_good,FALSE,,,,,,,,,,,,0,0,25.2955761,766.5325928,156,458,354,482,1055,80,543,264,9,626,64,^3Xen_Crypt,^7jawa(unimpaired)
4 Xen_Crypt ctf_kharzet_v3 2024-08-17_01-07-49.dm_26.dm_meta,397724,0:05:59,39047,1253678,MOD_BRYAR_PISTOL_ALT,good,ml,FALSE,0.5666666667,0.5466666667,0.6464339758,0.7278382,0.9774469137,0.2144305188,0.4869276174,0.6,0.9990128421,0.9577093768,,0,0,7.559146404,229.0650482,707,428,0,525,993,299,753,429,1,172,23,^3Xen_Crypt,^7jawa(unimpaired)
4 Xen_Crypt mpctf_aeten 2016-01-09_18-39-12.dm_26.dm_meta,1158506,0:17:07,131810,1347431,MOD_REPEATER_ALT_SPLASH,good,ml,FALSE,0.4166666667,0.33,0.6365151073,0.8455127026,0.8072190881,0.1779891899,0.4938574927,0.2,2.52E-08,0.9671292122,,0,0,0.0439453125,1.331676126,1236,425,0,449,417,24,697,,,47,0,^3Xen_Crypt,boo-shit
4 Xen_Crypt mpctf_illimiran 2021-12-05_01-14-50.dm_26.dm_meta,1038353,0:15:48,90329,1529129,MOD_REPEATER_ALT_SPLASH,good,ml,FALSE,0.5533333333,0.5466666667,0.6681380763,0.848778107,0.8835344911,0.2461368357,0.533156818,0.4,0.001066295691,0.9968046532,,5.734939575,0.05792868137,10.19891834,309.058136,1591,559,2,639,299,131,556,,,152,25,^3Xen_Crypt,^0Fl^2y^0nn
4 Xen_Crypt mpctf_kejim 2017-07-29_05-01-22.dm_26.dm_meta,1253513,0:19:30,83795,1299416,MOD_ROCKET,good,pre_good,FALSE,,,,,,,,,,,,0,0,0.7024809718,21.28730202,520,597,337,543,875,294,654,726,-36,488,214,^3Xen_Crypt,^7ariza
4 Xen_Crypt mpctf_krildor 2024-08-17_01-49-55.dm_26.dm_meta,992582,0:14:27,126398,1341029,MOD_BRYAR_PISTOL_ALT,good,ml,FALSE,0.5966666667,0.5733333333,0.7604899984,0.857683651,0.9976571798,0.4673254786,0.4483533874,1,1,0.8984809588,,0.5558691025,0.004211129621,30.91140747,936.7093506,885,463,0,636,179,330,541,396,-1,51,44,^3Xen_Crypt,^7jawa(unimpaired)
5 xenspec mpctf_telti 2021-04-22_22-01-52.dm_26.dm_meta,1383764,0:16:57,367100,1582721,MOD_BRYAR_PISTOL_ALT,good,ml,FALSE,0.69,0.5733333333,0.3522667156,0.6658636115,0.8186116219,-0.2126535937,0.5041317428,0.8,0.966028732,0.9494861075,,0,0,0.1087590978,3.295730352,478,481,164,389,807,49,613,363,0,301,23,^7xenspec,^7Seaal
5 Xen_Crypt ctf_ramodi_v2 2024-08-13_21-39-09.dm_26.dm_meta,597671,0:08:49,68780,1039805,MOD_ROCKET,good,ml,FALSE,0.2966666667,0.2466666667,0.1187650173,0.1396649829,0.5791004896,-0.7280105904,0.164453179,0,1.07E-11,0.157235577,,2.04853034,0.06207667664,92.50616455,2803.217041,384,172,183,308,729,73,333,330,-8,200,35,^3Xen_Crypt,^7jawa(impaired)
5 Xen_Crypt ctf_ramodi_v2 2024-08-13_21-39-09.dm_26.dm_meta,924503,0:14:16,68780,1039805,MOD_ROCKET,good,pre_good,FALSE,,,,,,,,,,,,4.201843262,0.01591607369,32.95228195,998.5540161,328,589,345,540,1222,238,612,462,21,746,237,^3Xen_Crypt,^7jawa(impaired)
5 Xen_Crypt mpctf_dantooine 2021-05-19_20-03-05.dm_26.dm_meta,1070330,0:16:06,104354,1348223,MOD_BRYAR_PISTOL_ALT,good,pre_good,FALSE,,,,,,,,,,,,3.717963219,0.1126655489,9.963068962,301.9111938,500,594,301,716,1299,246,843,528,-3,499,51,^3Xen_Crypt,^7lg
5 Xen_Crypt mpctf_kejim 2017-04-29_23-19-38.dm_26.dm_meta,941960,0:13:49,113000,1328621,MOD_ROCKET,good,ml,FALSE,0.3,0.2966666667,0.1276521141,0.3282166442,0.5130018592,-0.647115855,0.1964304557,0.2,0.0001195834556,0.5953848305,,1.06097734,0.03215082735,6.227942467,188.7255249,637,409,670,535,358,360,796,660,-46,26,0,^3Xen_Crypt,^7????
5 Xen_Crypt mpctf_kejim 2021-08-20_19-13-14.dm_26.dm_meta,729411,0:04:18,472275,1687896,MOD_BRYAR_PISTOL_ALT,good,ml,FALSE,0.5133333333,0.4766666667,0.4002896942,0.5734232708,0.7456512451,-0.1657476708,0.5503075865,0.4,0.002425226155,0.9225231712,,0,0,0,0,1135,0,0,175,695,200,473,693,12,36,13,^3Xen_Crypt,^7X's Holy Kitten
5 Xen_Crypt mpctf_kejim 2021-08-20_19-13-14.dm_26.dm_meta,991629,0:08:40,472275,1687896,MOD_BRYAR_PISTOL_ALT,good,ml,FALSE,0.5866666667,0.6366666667,0.5711672078,0.8059221519,0.7061872482,0.0844049895,0.4753983893,0.8,0.9999999973,0.9564589504,,0.7069981694,0.01071209367,1.873297811,56.76660156,443,454,0,756,967,316,507,297,1,537,19,^3Xen_Crypt,^7X's Holy Kitten
5 xen_crypt mpctf_kejim 2023-01-27_22-37-27.dm_26.dm_meta,1050068,0:16:12,78548,1293179,MOD_ROCKET,good,pre_good,FALSE,,,,,,,,,,,,0.9957789779,0.03017511964,4.976339817,150.798172,422,470,305,833,641,97,438,495,-11,40,0,^3xen_crypt,^7fk duo
5 Xen_Crypt mpctf_kejim 2024-07-20_03-45-10.dm_26.dm_meta,12175490,0:11:19,11497175,12711806,MOD_BRYAR_PISTOL_ALT,good,ml,FALSE,0.7766666667,0.6766666667,0.507616897,0.9620463451,0.9871848226,-0.004807339866,0.4316095179,0.8,1,0.9531100007,,0,0,12.64684582,383.2377625,503,923,13,863,812,295,410,594,0,758,46,^3Xen_Crypt,^5boon pug revival
6 crypt@mp3 ctf_dantooine_v3 2023-10-27_22-21-17.dm_26.dm_meta,805604,0:10:41,102902,1380200,MOD_ROCKET,good,pre_good,FALSE,,,,,,,,,,,,0.5020763874,0.01521443576,97.38656616,2951.108154,1152,485,103,484,109,36,401,891,-5,1,0,^3crypt@mp3,^7hide the pain harold
6 xen mpctf_ramodi 2023-02-25_23-46-19.dm_26.dm_meta,1431713,0:21:17,154811,2029706,MOD_BRYAR_PISTOL_ALT,good,ml,FALSE,0.6266666667,0.5566666667,0.507017845,0.5218897235,0.8099454045,0.03255825246,0.4619084398,0.4,0.6059967808,0.9633408143,,2.472906351,0.03746827692,8.793258667,266.4623718,492,629,92,507,770,241,647,429,-1,651,47,^7xen,^7Seaal
6 xencrypt mpctf_kejim 2021-12-12_18-43-03.dm_26.dm_meta,9813997,0:03:42,9592864,10808485,MOD_ROCKET,good,pre_good,FALSE,,,,,,,,,,,,0,0,8.341094017,252.7604218,257,447,97,419,906,283,695,198,12,521,258,^7xencrypt,^7enab(tired)
6 Xen_Crypt mpctf_bilios 2021-05-09_04-44-08.dm_26.dm_meta,960341,0:15:10,51224,1266845,MOD_BRYAR_PISTOL_ALT,good,ml,FALSE,0.67,0.5466666667,0.6268372334,0.7825561626,0.9634179473,0.2032122627,0.4864987096,0.2,0.977078402,0.8814970023,,0,0,7.936179161,240.4902802,459,494,255,668,1065,232,640,363,2,1379,309,^3Xen_Crypt,^1MR KILL
6 Xen_Crypt mpctf_illimiran 2020-08-28_20-11-41.dm_26.dm_meta,1604637,0:19:22,442575,1658196,MOD_BRYAR_PISTOL_ALT,good,ml,FALSE,0.6666666667,0.6233333333,0.4272409184,0.6903292868,0.8211075664,-0.1091463635,0.5338039651,0.6,0.9999913244,0.920403059,,0,0,0,0,458,359,381,580,779,99,476,198,12,415,117,^3Xen_Crypt,^7csr@o
6 Xen_Crypt mpctf_korriban24 2016-03-05_22-50-22.dm_26.dm_meta,2291664,0:15:48,1343640,2559261,MOD_BRYAR_PISTOL_ALT,good,ml,FALSE,0.6666666667,0.5433333333,0.5127916511,0.6835660246,0.9884976149,-0.007433613047,0.4901340458,0.4,0.9999999827,0.9503014595,,0,0,1.777350545,53.85910797,746,319,0,307,1028,344,569,363,-1,450,163,^3Xen_Crypt,^0*^3rS^0! G^3ra^0b^7
6 Xen_Crypt mpctf_krildor 2021-04-11_19-34-24.dm_26.dm_meta,656345,0:05:21,336146,1147154,MOD_BRYAR_PISTOL_ALT,good,ml,FALSE,0.5333333333,0.4833333333,0.6261241882,0.8909550427,0.937438786,0.1895936127,0.4678807349,0.4,0.05866476993,0.9512819334,,0,0,5.726146221,173.519577,504,447,0,549,1090,305,613,363,0,835,1,^3Xen_Crypt,^7o
6 Xen_Crypt mpctf_reboam 2017-03-18_00-53-15.dm_26.dm_meta,306743,0:00:47,260246,1475867,MOD_BRYAR_PISTOL_ALT,good,ml,FALSE,0.5066666667,0.54,0.480864745,0.2874309236,0.06117127463,-0.02157735547,0.5010650365,0.6,0.002788500096,0.9304815354,,0,0,0.3267393708,9.901192665,446,343,0,512,918,6,587,198,0,140,11,^3Xen_Crypt,^1H^0awk
7 xen mpctf_carratos 2023-04-02_22-37-03.dm_26.dm_meta,268001,0:03:58,30236,1244867,MOD_BRYAR_PISTOL_ALT,good,ml,FALSE,0.5633333333,0.54,0.6119664615,0.7519030971,0.8493518233,0.1855565552,0.46000877,0.4,0.4649219726,0.9387622207,,0,0,12.19848156,369.6509705,607,792,171,726,1015,183,746,660,-5,1255,330,^3xen,^1j^7awa
7 XENCRUPT mpctf_kejim 2021-06-23_02-34-16.dm_26.dm_meta,1297733,0:18:46,172070,1472138,MOD_ROCKET,good,pre_good,FALSE,,,,,,,,,,,,0,0,21.48340607,651.0123291,870,544,300,680,928,54,616,726,-8,142,5,^1XENCRUPT,^0Fl^5y^0nn
7 Xen_Crypt mpctf_dosuun 2024-06-25_22-31-21.dm_26.dm_meta,1152764,0:18:32,41588,1256219,MOD_BRYAR_PISTOL_ALT,good,ml,FALSE,0.52,0.6033333333,0.2414141638,0.5439951859,0.4259190261,-0.4213717174,0.5082259266,0.4,0.01898176043,0.8421612931,,5.586850166,0.05643282831,36.78934097,1114.828491,300,346,0,178,717,187,383,165,30,429,184,^3Xen_Crypt,^7enab
7 Xen_Crypt mpctf_kejim 2015-11-26_06-31-45.dm_26.dm_meta,460329,0:02:34,306351,1521972,MOD_ROCKET,good,ml,FALSE,0.23,0.3466666667,0.1166059442,0.06376710236,0.003972413484,-0.7032306898,0.1798758613,0.6,7.14E-10,0.5105032748,,9.238007545,0.009997843765,69.45875549,2104.810791,236,667,527,631,814,177,746,825,-22,658,24,^3Xen_Crypt,Lost Padawan
7 Xen_Crypt mpctf_kejim 2021-02-07_22-29-17.dm_26.dm_meta,890220,0:05:32,558240,1773861,MOD_REPEATER_ALT_SPLASH,good,ml,FALSE,0.42,0.4,0.5485383124,0.6548582215,0.8752498627,0.05310817643,0.4480677155,0.4,0.9989335189,0.9451885926,,0,0,0,0,1283,0,0,208,391,183,322,,,208,0,^3Xen_Crypt,^7masochist
7 Xen_Crypt mpctf_kejim 2021-03-14_02-15-16.dm_26.dm_meta,836566,0:08:16,340873,1663777,MOD_BRYAR_PISTOL_ALT,good,ml,FALSE,0.5533333333,0.4933333333,0.5008730574,0.6021787937,0.4661165476,-0.01101626465,0.4858230956,0.6,0.9781714379,0.9648410062,,0.1105477959,0.003349933308,4.823101521,146.1545868,738,444,0,405,975,291,628,561,0,479,29,^3Xen_Crypt,^7FH
7 Xen_Crypt mpctf_nelvaan 2024-06-25_22-58-52.dm_26.dm_meta,1292923,0:18:20,193561,1408192,MOD_BRYAR_PISTOL_ALT,good,ml,FALSE,0.77,0.75,0.6061574445,0.9541477485,0.9727398753,0.1542919717,0.4663938474,1,1,0.9564878303,,0.3542984426,0.002147263382,7.071144581,214.2771149,559,473,0,736,864,288,482,396,-1,673,18,^3Xen_Crypt,^5ent
8 xen mpctf_dantooine 2021-12-18_03-12-56.dm_26.dm_meta,489464,0:03:02,307601,808112,MOD_THERMAL,good,pre_good,FALSE,,,,,,,,,,,,0.6536865234,0.006602894049,9.594470024,290.7415161,568,475,0,539,810,102,521,627,18,94,2,^7xen,^0Fl^4y^0nn
8 Xen_Crypt ctf_kharzet_v3 2024-05-17_22-07-35.dm_26.dm_meta,501377,0:06:07,135011,1394885,MOD_ROCKET,good,pre_good,TRUE,,,,,,,,,,,,13.40753078,0.2031444013,149.8318634,4540.359375,267,320,0,345,65,599,293,198,86,264,253,^3Xen_Crypt,^7lg
8 Xen_Crypt mpctf_kejim 2015-11-01_18-32-53.dm_26.dm_meta,76156868,0:19:04,74963390,76229171,MOD_ROCKET,good,ml,FALSE,0.23,0.2733333333,0.1405629008,0.2576927616,0.02899472043,-0.6604990207,0.1883019808,0.2,5.97E-09,0.5226724653,,2.155260324,0.01088515297,2.155260324,65.31092072,292,460,467,536,964,242,673,660,-35,73,21,^3Xen_Crypt,^3-^7mitch buchannon^3-
8 Xen_Crypt mpctf_kejim 2015-11-01_19-39-28.dm_26.dm_meta,686115,0:09:29,117558,1333179,MOD_THERMAL,good,pre_good,FALSE,,,,,,,,,,,,1.125549197,0.01705377549,2.774591684,84.07853699,1084,384,0,337,997,22,704,891,-5,733,143,^3Xen_Crypt,mets #1
8 Xen_Crypt mpctf_kejim 2025-03-08_18-30-25.dm_26.dm_meta,987170,0:14:41,106202,1072838,MOD_BRYAR_PISTOL_ALT,good,ml,FALSE,0.6566666667,0.68,0.6292289891,0.7813656284,0.8093821406,0.1724608693,0.4872231619,0.2,1,0.980580215,,0.8770503402,0.008859094232,1.378171206,41.76276398,867,751,0,860,1091,313,896,957,1,302,65,^3Xen_Crypt,^4S^7ex^4G^7n^0o^7m^4e^1.^2novice
8 Xen_Crypt mpctf_nelvaan 2017-03-25_02-26-13.dm_26.dm_meta,535697,0:07:55,61388,1371059,MOD_BRYAR_PISTOL_ALT,good,ml,FALSE,0.5566666667,0.5333333333,0.550457907,0.4100547944,0.7167309523,0.06119820196,0.5037698708,0.4,0.9977908962,0.9550517123,,0,0,3.056751966,92.62884521,870,364,0,377,849,259,578,528,10,127,48,^3Xen_Crypt,^7math^5.
8 Xen_Crypt mpctf_talravin 2018-06-10_23-20-32.dm_26.dm_meta,252268,0:00:27,225307,1498678,MOD_REPEATER_ALT_SPLASH,good,ml,FALSE,0.54,0.5933333333,0.7744708871,0.85092211,0.8653057814,0.423100238,0.5868822742,0.6,0.6467080528,0.9972348826,,0.1737090945,0.005263912026,1.45129776,43.97872162,1527,353,255,344,588,93,616,,,182,0,^3Xen_Crypt,^5THE EVERRAPING
8 Xen_Crypt mpctf_talravin 2021-01-17_03-29-09.dm_26.dm_meta,1128876,0:11:35,433863,1649484,MOD_ROCKET,good,pre_good,FALSE,,,,,,,,,,,,55.62612534,0.210705027,100.4531708,3044.0354,217,224,79,245,645,243,637,231,44,791,297,^3Xen_Crypt,^7Padawan
9 xen ctf_kothis_v5 2025-01-27_02-23-56.dm_26.dm_meta,580878,0:07:09,130923,1366641,MOD_BRYAR_PISTOL_ALT,good,ml,FALSE,0.61,0.64,0.1983201589,0.6269939269,0.8433158398,-0.5128479375,0.514003235,0.6,0.9312489717,0.9248796089,,0,0,0,0,328,442,273,673,649,0,681,330,-27,26,0,^7xen,^7hannahu
9 XENCRUPT mpctf_telti 2021-06-26_02-19-40.dm_26.dm_meta,1228565,0:15:49,280442,1496063,MOD_BRYAR_PISTOL_ALT,good,ml,FALSE,0.6466666667,0.58,0.5638505947,0.7768335979,0.8263571858,0.1449349587,0.4522726621,0.8,0.9996757839,0.933154787,,8.365591049,0.04225045815,17.09246063,517.9533691,656,837,64,792,903,206,746,759,0,825,90,^1XENCRUPT,^7csr