_source_file,time_raw,human_time,map_start_time_raw,map_end_time_raw,mod_name,consensus,extreme_99th,prob_rf,prob_et,prob_lr,prob_gb,prob_nb,human_time,attacker_name,target_name,mod_name,view_delta_deg,view_speed_deg_per_ms,view_best_delta_deg,view_best_speed_deg_per_sec,attacker_target_distance,attacker_xy_speed,attacker_z_speed,attacker_distance_last_second,target_xy_speed,target_z_speed,target_distance_last_second,missile_lifetime,missile_pitch,target_corpse_travel_distance,target_corpse_travel_z_distance
1013_rocket.dm_26.dm_meta,56839650,0:13:47,56222500,57287350,MOD_BLASTER,bad,FALSE,,,,,,0:13:47,^3Xen_Crypt,^2Greenman,MOD_BLASTER,45.01087952,0.04286750406,54.20861816,1642.685425,186,82,262,180,123,1,241,,,93,75
1808_crazy_thermal_ctf3.dm_26.dm_meta,13301000,0:19:07,13045200,13980750,MOD_BLASTER,bad,FALSE,,,,,,0:19:07,^3Xen_Crypt,Padaweenie,MOD_BLASTER,6.820556641,0.1364111304,28.52583122,864.4191284,181,0,0,135,165,0,67,,,7,0
2018-01-06 talravin 2v2.dm_26.dm_meta,3310514,0:10:41,2669984,3884714,MOD_BLASTER,bad,FALSE,,,,,,0:10:41,^3Xen_Crypt,^7Espectador,MOD_BLASTER,0.965703845,0.02926375344,3.781056881,114.5774841,757,319,370,366,98,14,12,,,400,399
2018-05-18 taspir 5v5.dm_26.dm_meta,451819,0:01:18,374731,1589329,MOD_BLASTER,bad,FALSE,,,,,,0:01:18,^3Xen_Crypt,^7nero,MOD_BLASTER,0,0,7.739907265,234.5426483,255,219,0,258,271,4,515,,,12,0
2018-05-21 telti 4v4.dm_26.dm_meta,790036,0:07:50,321238,,MOD_BLASTER,bad,FALSE,,,,,,0:07:50,^3Xen_Crypt,^1^^7Seef^1.,MOD_BLASTER,0,0,16.80618858,509.2784424,81,333,0,526,152,250,122,,,120,24
2018-05-26 talravin 5v5.dm_26.dm_meta,1338690,0:06:26,953514,1652619,MOD_BLASTER,bad,FALSE,,,,,,0:06:26,^3Xen_Crypt,^7Jan,MOD_BLASTER,0.0439453125,0.001331676147,0.06214805692,1.883274436,165,424,106,465,181,10,88,,,3,0
2018-06-24 telti 4v4.dm_26.dm_meta,867413,0:12:56,92012,1495007,MOD_BLASTER,bad,FALSE,,,,,,0:12:56,^3Xen_Crypt,^7-=^1redstar^7=-,MOD_BLASTER,3.982729673,0.02011479624,20.95474434,634.9922485,105,438,34,403,471,266,466,,,413,34
2018-06-24 telti 4v4.dm_26.dm_meta,1054226,0:16:03,92012,1495007,MOD_BLASTER,bad,FALSE,,,,,,0:16:03,^3Xen_Crypt,^7-=^1redstar^7=-,MOD_BLASTER,15.45684052,0.1561297029,24.04430771,728.6154175,84,113,99,329,206,143,197,,,115,88
2018-12-14 aeten 4v4.dm_26.dm_meta,349278238,0:13:28,348520459,349391692,MOD_BLASTER,bad,FALSE,,,,,,0:13:28,^3XEN_CRYPT,^3L^7G,MOD_BLASTER,0.1563381851,0.00473752059,24.95633316,756.2525024,148,79,0,252,9,8,28,,,0,0
2019-05-25 dantooine 4v4.dm_26.dm_meta,682019,0:08:34,168836,966314,MOD_BLASTER,bad,FALSE,,,,,,0:08:34,^3Xen_Crypt,^3L^7G,MOD_BLASTER,0,0,21.54693031,652.9372559,233,437,148,429,362,590,395,,,148,122
2019-06-08 dantooine 4v4 0451.dm_26.dm_meta,936185,0:12:59,158771,1373633,MOD_BLASTER,bad,FALSE,,,,,,0:12:59,^3Xen_Crypt,^7R U T H L E S S,MOD_BLASTER,0,0,19.93828201,604.1903687,271,249,69,254,73,68,337,,,201,201
2019-12-26 dantooine 4v4.dm_26.dm_meta,1686448,0:19:56,491287,1706050,MOD_BLASTER,bad,FALSE,,,,,,0:19:56,^3Xen_Crypt,,MOD_BLASTER,0,0,63.88316345,1935.853394,79,790,131,845,450,99,582,,,165,49
2020-02-09 dantooine 4v4.dm_26.dm_meta,1299981,0:14:05,273120,,MOD_BLASTER,bad,FALSE,,,,,,0:14:05,^3Xen_Crypt,^7Padawan,MOD_BLASTER,8.466422081,0.08551941812,41.93592453,1270.785645,142,475,59,420,395,185,399,,,309,49
2020-02-21 salliche 4v4.dm_26.dm_meta,1086735,0:13:20,288300,1502700,MOD_BLASTER,bad,FALSE,,,,,,0:13:20,^3Xen_Crypt,^4b^7aku^5.,MOD_BLASTER,0,0,20.6699295,626.3615112,170,692,181,647,845,334,620,,,135,27
2020-02-21 salliche 4v4.dm_26.dm_meta,1392348,0:18:25,288300,1502700,MOD_BLASTER,bad,FALSE,,,,,,0:18:25,^3Xen_Crypt,^7-=^1redstar^7=-,MOD_BLASTER,9.286074638,0.07034905255,12.40841675,376.0126343,678,259,0,218,508,265,450,,,338,21
2020-02-23 telti 4v4.dm_26.dm_meta,856193,0:11:47,150686,1364624,MOD_BLASTER,bad,FALSE,,,,,,0:11:47,^3Xen_Crypt,^5ski,MOD_BLASTER,1.475617647,0.02235784382,10.60377121,321.326416,146,267,106,290,193,52,254,,,197,141
2020-02-28 telti 4v4.dm_26.dm_meta,891569,0:12:56,116630,1330898,MOD_BLASTER,bad,FALSE,,,,,,0:12:56,^3Xen_Crypt,^7DJ Wielki Huj,MOD_BLASTER,0,0,20.62225723,624.9168701,266,301,52,292,531,30,414,,,40,0
2020-02-28 telti 4v4.dm_26.dm_meta,894143,0:12:59,116630,1330898,MOD_BLASTER,bad,FALSE,,,,,,0:12:59,^3Xen_Crypt,^7LEVI BASE ONLY,MOD_BLASTER,0,0,50.25496674,1522.877808,58,200,0,151,233,31,196,,,9,0
2020-03-20 dantooine 4v4.dm_26.dm_meta,569196,0:05:22,248733,1463628,MOD_BLASTER,bad,FALSE,,,,,,0:05:22,^3Xen_Crypt,^7SAO^1^^7Gato^1^^7I,MOD_BLASTER,2.567729473,0.077809982,6.228407383,188.739624,458,584,279,603,85,108,704,,,73,68
2020-03-20 dantooine 4v4.dm_26.dm_meta,1130163,0:14:43,248733,1463628,MOD_BLASTER,bad,FALSE,,,,,,0:14:43,^3Xen_Crypt,^7CYDNOTILTMODEAKANOTCHASE,MOD_BLASTER,0,0,26.83546448,813.1959229,145,112,0,323,358,375,241,,,44,13
2020-04-13 ns_streets 2v2.dm_26.dm_meta,1143421,0:19:03,10828,1214668,MOD_BLASTER,bad,FALSE,,,,,,0:19:03,^3XEN_CRYPT,^7ariza,MOD_BLASTER,1.506950259,0.00652359426,4.432169914,134.3081818,778,240,89,193,64,2,38,,,0,0
2020-04-13 ns_streets 2v2.dm_26.dm_meta,1155301,0:19:15,10828,1214668,MOD_BLASTER,bad,FALSE,,,,,,0:19:15,^3XEN_CRYPT,^7ariza,MOD_BLASTER,0.6304467916,0.002388056135,1.690011859,51.21248245,42,0,0,0,128,21,175,,,3,0
2020-04-19 dantooine 4v4.dm_26.dm_meta,1249124,0:17:19,211241,,MOD_BLASTER,bad,FALSE,,,,,,0:17:19,^3Xen_Crypt,^3<^7pro^4*,MOD_BLASTER,39.43362045,0.1707083136,74.71980286,2264.236572,114,450,45,306,359,62,293,,,184,86
2020-04-19 telti 4v4 (2).dm_26.dm_meta,1654500,0:05:19,1336248,2220978,MOD_BLASTER,bad,TRUE,,,,,,0:05:19,^3Xen_Crypt,^7flower,MOD_BLASTER,24.47031975,0.3707624078,34.81872177,1055.112793,83,238,0,295,261,9,223,,,11,0
2020-04-19 telti 4v4.dm_26.dm_meta,1062905,0:15:44,120128,1335089,MOD_BLASTER,bad,FALSE,,,,,,0:15:44,^3Xen_Crypt,^7jaw4,MOD_BLASTER,0,0,18.73575783,567.7502441,220,370,0,541,409,72,394,,,386,235
2020-04-19 telti 4v4.dm_26.dm_meta,1089866,0:16:11,120128,1335089,MOD_BLASTER,bad,FALSE,,,,,,0:16:11,^3Xen_Crypt,^7Padawan,MOD_BLASTER,6.976902485,0.1057106405,21.63403893,655.5769653,414,250,0,249,141,4,355,,,3,0
2020-05-14 salliche 4v4.dm_26.dm_meta,429276,0:03:49,201906,1416207,MOD_BLASTER,bad,FALSE,,,,,,0:03:49,^3Xen_Crypt,^7(fake) hood,MOD_BLASTER,19.40455627,0.1470042169,36.42020035,1103.642456,135,506,378,519,502,328,440,,,36,7
2020-05-23 aeten 4v4.dm_26.dm_meta,1321658,0:01:46,1217378,2367362,MOD_BLASTER,bad,FALSE,,,,,,0:01:46,^3Xen_Crypt,^7Padawan,MOD_BLASTER,2.532032728,0.01096118055,7.903764248,239.5080109,417,148,0,149,104,1,215,,,0,0
2020-05-23 aeten 4v4.dm_26.dm_meta,1362776,0:02:27,1217378,2367362,MOD_BLASTER,bad,FALSE,,,,,,0:02:27,^3Xen_Crypt,^7padawan,MOD_BLASTER,22.38533974,0.08479295671,49.82286835,1509.783936,90,321,0,378,456,7,375,,,32,0
2020-05-23 aeten 4v4.dm_26.dm_meta,1400495,0:03:04,1217378,2367362,MOD_BLASTER,bad,FALSE,,,,,,0:03:04,^3Xen_Crypt,^7padawan,MOD_BLASTER,3.57435751,0.02707846649,19.37051201,586.9852295,414,291,327,306,210,15,149,,,16,1
2020-07-19 dantooine 2v2 (2).dm_26.dm_meta,10057978,0:03:43,9836152,10793152,MOD_BLASTER,bad,FALSE,,,,,,0:03:43,^7xen,^7serk,MOD_BLASTER,0,0,18.6514473,565.1953735,238,319,0,298,182,14,165,,,5,0
2020-08-02 dantooine 4v4.dm_26.dm_meta,1196885,0:15:26,271763,1486625,MOD_BLASTER,bad,FALSE,,,,,,0:15:26,^7xen,^7maybepickableifneed,MOD_BLASTER,8.133834839,0.04929596931,46.68531036,1414.706421,182,481,0,309,397,349,320,,,109,69
2020-08-04 dantooine 4v4 (2).dm_26.dm_meta,1672547,0:08:19,1174742,2389472,MOD_BLASTER,bad,FALSE,,,,,,0:08:19,^7??,^0<pro*,MOD_BLASTER,0,0,9.310025215,282.1219788,237,447,0,414,639,137,567,,,233,71
2020-08-04 dantooine 4v4 (2).dm_26.dm_meta,2292254,0:18:39,1174742,2389472,MOD_BLASTER,bad,TRUE,,,,,,0:18:39,^7??,^7Seaal,MOD_BLASTER,54.42986298,0.2356271148,91.40375519,2769.810791,79,290,0,356,144,12,195,,,2,0
2020-08-10 dantooine 4v4 (3).dm_26.dm_meta,1286480,0:19:32,115376,1330139,MOD_BLASTER,bad,FALSE,,,,,,0:19:32,^3Xeno,^7X's Holy Kitten,MOD_BLASTER,0.1563381851,0.001579173608,1.025442958,31.07402992,38,53,0,415,111,6,430,,,1,0
2020-08-21 telti 4v4.dm_26.dm_meta,140130,0:00:51,90729,1669383,MOD_BLASTER,bad,FALSE,,,,,,0:00:51,^3Xen_Crypt,^7x,MOD_BLASTER,0,0,41.65738678,1262.345093,95,125,0,268,398,71,243,,,148,59
2020-09-01 dantooine 4v4.dm_26.dm_meta,1116926,0:15:35,143261,1398317,MOD_BLASTER,bad,FALSE,,,,,,0:15:35,^3Xen_Crypt,^7Padawan,MOD_BLASTER,1.014942884,0.03075584583,26.25421333,795.5822144,158,435,0,412,33,352,208,,,10,9
2020-11-24 ctf1 8v4.dm_26.dm_meta,446857,0:07:27,8782,1314031,MOD_BLASTER,bad,FALSE,,,,,,0:07:27,xenspec,Fio,MOD_BLASTER,5.597706795,0.006785098929,47.57437515,1441.647705,436,272,0,331,223,21,243,,,18,0
2021-04-13 ctf3 6v6.dm_26.dm_meta,98212,0:01:38,40891,1225855,MOD_BLASTER,bad,FALSE,,,,,,0:01:38,FUNPOLICE,kalel,MOD_BLASTER,30.92916679,0.03124158271,48.40768814,1466.899658,174,253,0,182,197,263,201,,,28,16
2021-04-13 ctf3 6v6.dm_26.dm_meta,312151,0:05:12,40891,1225855,MOD_BLASTER,bad,FALSE,,,,,,0:05:12,FUNPOLICE,Padawan,MOD_BLASTER,0.04943847656,0.001498135622,14.77365971,447.6866455,1049,161,0,173,99,3,0,,,1,0
2021-04-13 ctf3 6v6.dm_26.dm_meta,552028,0:09:12,40891,1225855,MOD_BLASTER,bad,FALSE,,,,,,0:09:12,FUNPOLICE,Padawan,MOD_BLASTER,0,0,3.685204983,111.6728821,726,232,0,228,69,2,46,,,0,0
2020-02-21 salliche 4v0.dm_26.dm_meta,1577284,0:01:14,1508710,2442544,MOD_BOWCASTER,good,FALSE,,,,,0.5959972749,0:01:14,^3Xen_Crypt,^5ski,MOD_BOWCASTER,5.089510441,0.02203251235,25.10547447,760.7719727,286,114,0,181,412,402,290,165,-1,42,19
2017-12-27 ctf4 4v4.dm_26.dm_meta,716834,0:07:35,262028,1477418,MOD_DISRUPTOR,good,FALSE,,,,,0.9934943594,0:07:35,^3Xen_Crypt,^5^^0ma^7th,MOD_DISRUPTOR,0,0,1.764879346,53.48119354,642,704,212,661,630,319,522,,,67,10
2018-01-01 ctf4 2v2.dm_26.dm_meta,132384948,0:11:34,131989080,,MOD_DISRUPTOR,good,FALSE,,,,,0.9554657305,0:11:34,^3Xen_Crypt,^1SkZ,MOD_DISRUPTOR,0.2856445313,0.008655894548,1.575619102,47.74603271,1046,473,184,552,413,296,473,,,469,128
2018-01-22 nelvaan 4v4.dm_26.dm_meta,1005386,0:14:35,131216,1346573,MOD_DISRUPTOR,good,FALSE,,,,,0.8557399357,0:14:35,^3Xen_Crypt,^5THE EVERRAPING,MOD_DISRUPTOR,0.3493669629,0.01058687735,2.348364592,71.16256714,845,495,171,540,47,167,463,,,225,223
2018-04-25 nelvaan 4v4 (2).dm_26.dm_meta,1509832,0:07:25,1066015,,MOD_DISRUPTOR,good,FALSE,,,,,0.956711955,0:07:25,^3Xen_Crypt,^0[DRaGoN]^3Zakat,MOD_DISRUPTOR,0,0,2.034117937,61.63993835,160,560,25,492,592,363,515,,,78,24
2018-04-25 nelvaan 4v4.dm_26.dm_meta,733433,0:06:05,369410,1018091,MOD_DISRUPTOR,good,FALSE,,,,,0.8239945855,0:06:05,^3Xen_Crypt,,MOD_DISRUPTOR,0,0,10.10623074,306.2494202,184,427,0,643,309,0,256,,,11,0
2018-05-05 kharzet 4v4.dm_26.dm_meta,414983,0:03:57,178538,1393664,MOD_DISRUPTOR,good,FALSE,,,,,0.6307885009,0:03:57,^3Xen_Base,^7Math AFK,MOD_DISRUPTOR,0,0,3.53733325,107.1919174,192,430,0,408,364,0,388,,,21,0
2018-05-11 nelvaan 4v4 1724.dm_26.dm_meta,886883,0:12:17,150620,,MOD_DISRUPTOR,good,FALSE,,,,,0.6776738766,0:12:17,^3XEN_CRYPT,,MOD_DISRUPTOR,0,0,0.83525002,25.310606,469,426,0,507,354,0,347,,,19,0
2018-05-14 nelvaan 4v4.dm_26.dm_meta,446696,0:06:37,50564,1265030,MOD_DISRUPTOR,good,FALSE,,,,,0.9928148654,0:06:37,^3Xen_Crypt,,MOD_DISRUPTOR,0,0,4.16276741,126.1444702,406,638,175,702,860,248,594,,,189,42
2018-05-17 sikurd 4v4.dm_26.dm_meta,529728,0:03:32,318165,1532631,MOD_DISRUPTOR,good,FALSE,,,,,0.8505735856,0:03:32,^3Xen_Crypt,,MOD_DISRUPTOR,0,0,4.256759167,128.9927063,493,429,0,444,897,0,644,,,197,44
2018-05-30 kharzet 4v4.dm_26.dm_meta,650504,0:07:01,230909,,MOD_DISRUPTOR,good,FALSE,,,,,0.9790757899,0:07:01,^3Xen_Crypt,^7ent FAN,MOD_DISRUPTOR,0,0,2.48041153,75.16398621,1279,499,216,514,1054,262,920,,,179,29
2018-06-03 kejim 3v3 (2).dm_26.dm_meta,173814059,0:08:00,173334932,174549959,MOD_DISRUPTOR,good,FALSE,,,,,0.9771731229,0:08:00,^3Xen_Crypt,^7ent FAN,MOD_DISRUPTOR,0,0,3.222498178,97.65145874,577,620,35,656,534,322,400,,,67,18
2018-06-09 ctf4 4v4.dm_26.dm_meta,687241,0:06:16,312394,,MOD_DISRUPTOR,good,FALSE,,,,,0.7529421852,0:06:16,^7xenspec,^7teh FAN,MOD_DISRUPTOR,0,0,1.760839701,53.35877991,227,493,111,383,252,296,330,,,48,35
2018-06-15 illimiran 4v4.dm_26.dm_meta,683735,0:10:42,42314,1524740,MOD_DISRUPTOR,good,FALSE,,,,,0.6872406056,0:10:42,^3Xen_Crypt,^7jawa,MOD_DISRUPTOR,0,0,6.937509537,210.2275696,789,470,292,390,438,25,314,,,28,0
2018-06-17 kejim 4v4.dm_26.dm_meta,1412441,0:19:43,230711,,MOD_DISRUPTOR,good,FALSE,,,,,0.9069637301,0:19:43,^3Xen_Crypt,^7jawa,MOD_DISRUPTOR,0,0,3.116212368,94.43067932,467,566,89,508,406,325,260,,,128,78
"2018-06-28 sikurd 4v4 0507,1155.dm_26.dm_meta",734984,0:09:21,175007,1035284,MOD_DISRUPTOR,good,FALSE,,,,,0.6320650974,0:09:21,^3Xen_Crypt,^7rick,MOD_DISRUPTOR,0,0,0.9911013842,30.03337479,564,339,125,321,524,0,715,,,29,0
2018-07-13 genarius 5v5.dm_26.dm_meta,1438247,0:17:16,243548,,MOD_DISRUPTOR,good,FALSE,,,,,0.9391129212,0:17:16,^3Xen_Crypt,^0it's time to oil up,MOD_DISRUPTOR,0,0,0.2953054607,8.94865036,1288,571,60,490,833,266,630,,,150,35
2018-07-29 kejim 3v3.dm_26.dm_meta,87066535,0:16:50,86057131,,MOD_DISRUPTOR,good,FALSE,,,,,0.876974727,0:16:50,^3Xen_Crypt,^7AmprE,MOD_DISRUPTOR,0,0,5.212920189,157.9672852,868,411,178,410,849,331,640,,,101,14
2018-08-05 kejim 3v3 (2).dm_26.dm_meta,2860951,0:11:02,2158183,3069280,MOD_DISRUPTOR,good,FALSE,,,,,0.9736917795,0:11:02,^3Xen_Crypt,,MOD_DISRUPTOR,0,0,4.328742027,131.173996,751,398,605,487,499,0,581,,,26,0
2018-09-21 kejim 2v2 1219.dm_26.dm_meta,37145683,0:15:24,36222640,,MOD_DISRUPTOR,good,FALSE,,,,,0.9998765708,0:15:24,^7xenspec,^1^^7Seef^1.,MOD_DISRUPTOR,0,0,8.295329094,251.3736115,872,714,78,706,948,202,823,,,790,66
2018-12-14 nelvaan 4v4.dm_26.dm_meta,1423537,0:18:32,178348,,MOD_DISRUPTOR,good,FALSE,,,,,0.7539005776,0:18:32,^3XEN_CRYPT,^0ent,MOD_DISRUPTOR,0,0,0.6211162806,18.82170486,907,329,0,493,769,105,526,,,320,77
"2019-05-19 ctf4 4v4 0538,1949.dm_26.dm_meta",1032747,0:12:03,310806,1525767,MOD_DISRUPTOR,good,FALSE,,,,,0.7308992647,0:12:03,^3Xen_Crypt,^74man,MOD_DISRUPTOR,0,0,15.35345268,465.256134,178,449,0,492,474,14,340,,,35,0
2019-06-02 corellia 4v4.dm_26.dm_meta,511446,0:03:57,275331,,MOD_DISRUPTOR,good,FALSE,,,,,0.8967059322,0:03:57,^3Xen_Crypt,^1^^2r^0d^2l,MOD_DISRUPTOR,0,0,0.2161963135,6.551403522,1087,442,0,624,594,10,667,,,35,0
2019-06-13 ctf4 4v4.dm_26.dm_meta,1037825,0:12:27,292520,1515929,MOD_DISRUPTOR,good,FALSE,,,,,0.8705502097,0:12:27,^3Xen_Crypt,^7Lenovo l440,MOD_DISRUPTOR,0,0,16.35383034,495.5706177,57,448,0,586,389,277,323,,,28,3
2019-07-13 talay 4v4 1334.dm_26.dm_meta,1133562,0:14:56,174417,1452837,MOD_DISRUPTOR,good,FALSE,,,,,0.554556344,0:14:56,^3Xen_Crypt,^7^^4r^7d^4l,MOD_DISRUPTOR,1.843903899,0.05587587506,6.251917839,189.4520569,515,0,0,87,533,419,385,,,331,229
2019-11-27 talay 4v4.dm_26.dm_meta,737958,0:08:43,216063,,MOD_DISRUPTOR,good,FALSE,,,,,0.83304311,0:08:43,^3Xen_Crypt,^7ger,MOD_DISRUPTOR,0,0,0.742410779,22.49729729,743,389,134,402,721,134,566,,,443,53
2019-12-26 ctf4 4v4.dm_26.dm_meta,1290077,0:01:14,1221635,2005616,MOD_DISRUPTOR,good,FALSE,,,,,0.9976123433,0:01:14,^3Xen_Crypt,,MOD_DISRUPTOR,2.266121626,0.06867035478,28.9689827,877.8479614,459,450,582,541,485,207,570,,,621,442
2019-12-26 kothis 4v4.dm_26.dm_meta,1089342,0:16:36,94095,1308330,MOD_DISRUPTOR,good,FALSE,,,,,0.643453471,0:16:36,^3Xen_Crypt,^7x's wannabe,MOD_DISRUPTOR,0,0,5.4772439,165.9770813,518,352,133,372,698,87,451,,,298,84
2020-01-05 kejim 4v4.dm_26.dm_meta,1949747,0:12:14,1219127,2213813,MOD_DISRUPTOR,good,FALSE,,,,,0.9018168919,0:12:14,^3Xen_Crypt,^7????,MOD_DISRUPTOR,0,0,25.42076492,770.3262329,388,362,97,511,217,279,287,,,406,374
2020-01-09 krildor 4v4.dm_26.dm_meta,1481481,0:18:41,361494,1576521,MOD_DISRUPTOR,good,FALSE,,,,,0.9895912728,0:18:41,^3Xen_Crypt,^7csr(exhausted),MOD_DISRUPTOR,0,0,2.406444788,72.92256927,406,534,255,527,937,73,730,,,523,50
2020-01-18 ctf4 4v4.dm_26.dm_meta,1102975,0:01:51,997177,2206957,MOD_DISRUPTOR,good,FALSE,,,,,0.6350904805,0:01:51,^3Xen_Crypt,^1-=cAtA=-,MOD_DISRUPTOR,0,0,4.140723705,125.4764786,743,306,276,315,529,127,683,,,37,8
2020-01-20 nelvaan 3v3.dm_26.dm_meta,355517,0:04:59,57989,1272092,MOD_DISRUPTOR,good,FALSE,,,,,0.8637705914,0:04:59,^3Xen_Crypt,^7Padawan,MOD_DISRUPTOR,0,0,2.142531157,64.92518616,940,425,0,427,783,106,714,,,333,92
2020-01-20 nelvaan 3v3.dm_26.dm_meta,478838,0:07:02,57989,1272092,MOD_DISRUPTOR,good,FALSE,,,,,1,0:07:02,^3Xen_Crypt,^7duo,MOD_DISRUPTOR,0,0,68.36724091,2071.734619,168,26,3,512,203,445,382,,,1583,1553
2020-01-25 kharzet 4v4.dm_26.dm_meta,830754,0:12:17,95052,1309815,MOD_DISRUPTOR,good,FALSE,,,,,0.9201086967,0:12:17,^3Xen_Crypt,^7flower,MOD_DISRUPTOR,0,0,15.63053417,473.6525574,320,583,179,547,407,0,485,,,26,0
2020-01-31 kharzet 4v4.dm_26.dm_meta,1119669,0:17:09,92115,1347138,MOD_DISRUPTOR,good,FALSE,,,,,0.9911279612,0:17:09,^3Xen_Crypt,^7seeker,MOD_DISRUPTOR,0,0,21.92904091,664.5164185,429,448,0,464,500,348,449,,,664,368
2020-02-08 kharzet 4v4 1302.dm_26.dm_meta,743597,0:09:00,207413,1419371,MOD_DISRUPTOR,good,FALSE,,,,,0.6034265268,0:09:00,^3Xen_Crypt,^7kres,MOD_DISRUPTOR,3.383793354,0.0341797322,11.87304497,359.7892456,467,614,241,559,342,7,523,,,20,0
2020-02-09 kejim 4v4.dm_26.dm_meta,1030635,0:14:40,151812,1366674,MOD_DISRUPTOR,good,FALSE,,,,,0.872741553,0:14:40,^3Xen_Crypt,^1[^7B*^1],MOD_DISRUPTOR,0.9689947367,0.0293634776,6.095962048,184.72612,244,564,253,479,302,0,386,,,14,0
2020-02-15 taloraan 4v4.dm_26.dm_meta,1460753,0:17:16,430196,1640768,MOD_DISRUPTOR,good,FALSE,,,,,0.5070507213,0:17:16,^3Xen_Crypt,^7enab,MOD_DISRUPTOR,0,0,82.39510345,2496.821289,221,348,29,302,624,83,486,,,217,20
2020-02-16 sikurd 4v4 (2).dm_26.dm_meta,988758,0:02:38,831810,,MOD_DISRUPTOR,good,FALSE,,,,,0.9816657393,0:02:38,^3Xen_Crypt,^0Fl^5y^0nn,MOD_DISRUPTOR,0,0,5.948206425,180.2486877,818,640,190,593,766,126,641,,,282,72
2020-02-16 sikurd 4v4 (2).dm_26.dm_meta,1320111,0:08:10,831810,,MOD_DISRUPTOR,good,FALSE,,,,,0.7969374184,0:08:10,^3Xen_Crypt,^7enab,MOD_DISRUPTOR,0,0,1.238839388,37.54058838,1306,425,0,585,230,0,624,,,8,0
2020-02-21 carratos 4v4.dm_26.dm_meta,958790,0:11:29,274139,1485701,MOD_DISRUPTOR,good,FALSE,,,,,0.9729057567,0:11:29,^3Xen_Crypt,^0Fl^5y^0nn,MOD_DISRUPTOR,0,0,12.25335884,371.3139038,741,587,91,598,780,0,767,,,44,0
2020-03-21 nelvaan 3v3.dm_26.dm_meta,549953,0:05:42,209327,1080296,MOD_DISRUPTOR,good,FALSE,,,,,0.9761000911,0:05:42,^3Xen_Crypt,^7flower,MOD_DISRUPTOR,1.9504987,0.01970200799,4.558710575,138.142746,510,545,321,526,668,382,522,,,281,146
2020-04-03 kejim 4v4 (2).dm_26.dm_meta,225530,0:03:06,40730,1255592,MOD_DISRUPTOR,good,FALSE,,,,,0.9036816112,0:03:06,^3Xen_Crypt,^5ski,MOD_DISRUPTOR,2.85713172,0.02885991707,24.73945236,749.6803589,672,648,246,659,511,196,447,,,142,54
2020-04-03 kharzet 4v4.dm_26.dm_meta,795807,0:11:52,85053,1299915,MOD_DISRUPTOR,good,FALSE,,,,,0.5786388229,0:11:52,^3Xen_Crypt,^5ski,MOD_DISRUPTOR,0,0,18.3108387,554.8739014,332,427,0,421,231,0,346,,,6,0
2020-04-06 nelvaan 3v3.dm_26.dm_meta,7799252,0:05:33,7467140,8452652,MOD_DISRUPTOR,good,FALSE,,,,,0.9980692626,0:05:33,^3Xen_Crypt,^6FLY^7ugioh^5!,MOD_DISRUPTOR,0,0,18.98578453,575.3267822,477,528,142,551,809,299,636,,,782,17
2020-04-07 kejim 4v4.dm_26.dm_meta,407327,0:06:11,37661,,MOD_DISRUPTOR,good,FALSE,,,,,0.8525731158,0:06:11,^3Xen_Crypt,^7milkbone,MOD_DISRUPTOR,0,0,8.652082443,262.1843262,810,433,0,391,754,309,661,,,105,24
2020-04-10 kejim 4v4 (2).dm_26.dm_meta,2119037,0:16:44,1116266,2331194,MOD_DISRUPTOR,good,FALSE,,,,,0.9914981234,0:16:44,^3Xen_Crypt,^7lg,MOD_DISRUPTOR,0,0,1.821561694,55.19884109,529,578,3,532,740,482,624,,,170,18
2020-04-10 kejim 4v4.dm_26.dm_meta,333799,0:05:34,5515,1115140,MOD_DISRUPTOR,good,FALSE,,,,,0.9812630519,0:05:34,^3Xen_Crypt,^7lg,MOD_DISRUPTOR,0,0,1.330128551,40.30692673,203,628,89,616,594,302,520,,,111,36
2020-04-10 nelvaan 3v3.dm_26.dm_meta,1038617,0:16:23,56900,,MOD_DISRUPTOR,good,FALSE,,,,,0.8417626322,0:16:23,^3Xen_Crypt,^7lune^6HEY,MOD_DISRUPTOR,0,0,5.557477951,168.4084167,238,360,152,340,457,119,406,,,583,75
2020-04-10 talay 4v4.dm_26.dm_meta,389210,0:03:11,199625,,MOD_DISRUPTOR,good,FALSE,,,,,0.9873148644,0:03:11,^3Xen_Crypt,^7CYD BASE ONLY,MOD_DISRUPTOR,1.835382819,0.009269610047,1.884155273,57.09561539,554,709,124,837,139,0,45,,,3,0
2020-04-12 paulking 4v4.dm_26.dm_meta,1451055,0:12:54,678624,1893519,MOD_DISRUPTOR,good,FALSE,,,,,0.9254415992,0:12:54,^3Xen_Crypt,^7enab,MOD_DISRUPTOR,0,0,1.502889991,45.54212189,198,578,17,446,746,135,513,,,277,74
2020-04-14 ctf4 4v4.dm_26.dm_meta,625948,0:10:26,14062,720427,MOD_DISRUPTOR,good,FALSE,,,,,0.9752854402,0:10:26,^3XEN_CRYPT,^7teh,MOD_DISRUPTOR,0.1483154297,0.004494406749,2.086802244,63.23643112,480,605,88,581,597,238,721,,,53,19
2020-04-14 kejim 4v4 (2).dm_26.dm_meta,686878,0:08:13,144226,,MOD_DISRUPTOR,good,FALSE,,,,,0.835135776,0:08:13,^3XEN_CRYPT,^7teh,MOD_DISRUPTOR,0,0,14.24077511,431.5386353,312,424,222,609,428,16,345,,,47,0
2020-04-14 kejim 4v4 (2).dm_26.dm_meta,1369054,0:19:35,144226,,MOD_DISRUPTOR,good,TRUE,,,,,0.9927495653,0:19:35,^3XEN_CRYPT,^3L^7aGgy,MOD_DISRUPTOR,0,0,2.907892466,88.11795044,1219,587,60,480,1235,56,1048,,,355,3
2020-04-14 paulking 4v4.dm_26.dm_meta,308859,0:02:07,182502,1397496,MOD_DISRUPTOR,good,FALSE,,,,,0.9789648016,0:02:07,^3XEN_CRYPT,^7kitten=bestchase,MOD_DISRUPTOR,0,0,14.52519798,440.1575317,211,580,60,530,707,405,518,,,107,6
2020-04-17 kharzet 4v4.dm_26.dm_meta,858144,0:10:42,216954,1431882,MOD_DISRUPTOR,good,FALSE,,,,,0.9999650716,0:10:42,^3Xen_Crypt,^7jaw4,MOD_DISRUPTOR,0,0,35.68336487,1081.314087,771,623,72,658,777,666,601,,,500,458
2020-04-18 kejim 4v4.dm_26.dm_meta,879330,0:12:20,140757,1537416,MOD_DISRUPTOR,good,FALSE,,,,,0.9857790712,0:12:20,^3Xen_Crypt,^7x,MOD_DISRUPTOR,0,0,3.67539072,111.3754807,114,320,717,555,188,131,213,,,114,42
2020-04-19 nelvaan 4v4 (2).dm_26.dm_meta,2060565,0:13:06,1275462,2096733,MOD_DISRUPTOR,good,FALSE,,,,,0.7782948572,0:13:06,^3Xen_Crypt,^7jaw4,MOD_DISRUPTOR,0.7175889015,0.007248372771,11.48711014,348.0942383,490,462,106,467,403,226,469,,,39,3
2020-04-29 ctf4 4v4.dm_26.dm_meta,596380,0:09:56,9475,,MOD_DISRUPTOR,good,FALSE,,,,,0.6074701189,0:09:56,^3Xen_Crypt,^7playing,MOD_DISRUPTOR,1.260893583,0.03820889816,24.97703743,756.8799438,256,413,99,564,124,30,2,,,5,1
2020-05-10 kharzet 4v4.dm_26.dm_meta,706674,0:08:43,185670,1280676,MOD_DISRUPTOR,good,FALSE,,,,,0.9818158083,0:08:43,^3Xen_Crypt,^7i miss kitten,MOD_DISRUPTOR,0,0,20.44719505,619.6119995,313,684,194,668,330,0,469,,,13,0
2020-05-10 kothis 4v4 (5).dm_26.dm_meta,415115,0:00:40,375911,1590377,MOD_DISRUPTOR,good,FALSE,,,,,0.8172363413,0:00:40,^3Xen_Crypt,^0Fl^5y^0nn,MOD_DISRUPTOR,0,0,5.239752769,158.7803802,408,447,0,437,784,0,606,,,78,0
2020-05-13 kejim 4v4.dm_26.dm_meta,729774,0:08:23,227448,1442409,MOD_DISRUPTOR,good,FALSE,,,,,0.9528076222,0:08:23,^3Xen_Crypt,^7CYD NOT CHASE,MOD_DISRUPTOR,0,0,4.464195251,135.2786407,164,573,34,499,771,215,596,,,218,57
2020-05-16 dantooine 4v4 (3).dm_26.dm_meta,676083,0:00:18,659187,1989351,MOD_DISRUPTOR,good,FALSE,,,,,0.9858357463,0:00:18,^7xenspec,^7lg,MOD_DISRUPTOR,0,0,1.357711911,41.14278412,425,546,56,633,919,244,794,,,183,32
2020-05-16 kejim 4v4 (3).dm_26.dm_meta,2491351,0:07:57,2348527,,MOD_DISRUPTOR,good,FALSE,,,,,0.9910801079,0:07:57,^7xen,^7lg,MOD_DISRUPTOR,0,0,6.822671413,206.7476196,475,683,13,848,123,31,276,,,3,0
2020-05-16 kejim 4v4 (3).dm_26.dm_meta,2504353,0:08:10,2348527,,MOD_DISRUPTOR,good,FALSE,,,,,0.7982771712,0:08:10,^7xen,^7L^1S,MOD_DISRUPTOR,0.5822753906,0.01764470898,0.8789920807,26.63612366,203,351,505,381,92,0,26,,,1,0
2020-05-16 manaan 2v2.dm_26.dm_meta,2439009,0:18:18,1342089,2556258,MOD_DISRUPTOR,good,FALSE,,,,,0.9708087575,0:18:18,^7xen,^7<@248198723589373953>,MOD_DISRUPTOR,1.193736672,0.03617383912,5.518527985,167.2281189,547,163,0,231,38,391,246,,,610,609
2020-05-17 paulking 4v4.dm_26.dm_meta,363800,0:04:51,74489,1289351,MOD_DISRUPTOR,good,FALSE,,,,,0.8859343786,0:04:51,^3Xen_Crypt,^7<:no:694255361196032021>,MOD_DISRUPTOR,0,0,0,0,964,497,77,463,636,287,570,,,211,88
2020-05-17 paulking 4v4.dm_26.dm_meta,860846,0:13:08,74489,1289351,MOD_DISRUPTOR,good,FALSE,,,,,0.8399192443,0:13:08,^3Xen_Crypt,^7<:no:694255361196032021>,MOD_DISRUPTOR,0,0,3.53733325,107.1919174,624,563,290,453,273,135,331,,,128,11
2020-05-17 paulking 4v4.dm_26.dm_meta,1072673,0:16:39,74489,1289351,MOD_DISRUPTOR,good,FALSE,,,,,0.9386993423,0:16:39,^3Xen_Crypt,^7<:no:694255361196032021>,MOD_DISRUPTOR,1.008111596,0.01527441852,2.658152103,80.55006409,507,0,0,259,498,378,572,,,557,387
2020-05-20 kejim 4v4 (2).dm_26.dm_meta,1392084,0:19:19,234510,1449405,MOD_DISRUPTOR,good,FALSE,,,,,0.9895995625,0:19:19,^3Xen_Crypt,^3Pro_Crypt,MOD_DISRUPTOR,0,0,10.05473232,304.6888733,781,646,1,529,906,315,788,,,165,11
2020-05-20 kejim 4v4.dm_26.dm_meta,578593,0:09:39,462136,,MOD_DISRUPTOR,good,FALSE,,,,,1,0:09:39,^3Xen_Crypt,^7lg,MOD_DISRUPTOR,0.4541753829,0.01376289036,4.585134029,138.9434509,634,264,96,319,156,175,291,,,1864,1837
2020-05-20 nelvaan 4v4.dm_26.dm_meta,573255,0:06:11,203853,1418253,MOD_DISRUPTOR,good,FALSE,,,,,0.6998703184,0:06:11,^3Xen_Crypt,^3<^7pro^4*,MOD_DISRUPTOR,0,0,45.21769714,1370.233276,127,466,0,439,395,56,378,,,142,83
2020-05-20 nelvaan 4v4.dm_26.dm_meta,836595,0:10:34,203853,1418253,MOD_DISRUPTOR,good,FALSE,,,,,0.6392953833,0:10:34,^3Xen_Crypt,^7playing,MOD_DISRUPTOR,0,0,59.68828583,1808.735962,51,453,0,415,278,0,373,,,8,0
2020-05-20 nelvaan 4v4.dm_26.dm_meta,1115214,0:15:13,203853,1418253,MOD_DISRUPTOR,good,FALSE,,,,,0.7444842203,0:15:13,^3Xen_Crypt,^3<^7pro^4*,MOD_DISRUPTOR,0,0,4.917866707,149.0262604,876,270,0,283,599,275,446,,,517,28
2020-05-22 ctf4 4v4.dm_26.dm_meta,740202,0:06:33,348492,1553388,MOD_DISRUPTOR,good,FALSE,,,,,0.5736441377,0:06:33,^3Xen_Crypt,^7padawan,MOD_DISRUPTOR,0,0,30.14994049,913.6345825,144,429,0,433,212,0,220,,,7,0
2020-05-24 manaan 4v4.dm_26.dm_meta,1141280,0:17:04,118940,1333703,MOD_DISRUPTOR,good,FALSE,,,,,0.8170359191,0:17:04,^1Xen_Crypt,^7Padawan,MOD_DISRUPTOR,0.2416992188,0.00732421875,12.45850086,377.5303345,646,469,221,477,480,136,344,,,283,139
2020-06-12 kharzet 4v4.dm_26.dm_meta,262952,0:02:26,118511,1402145,MOD_DISRUPTOR,good,FALSE,,,,,0.9904973179,0:02:26,^3Xen_Crypt,^7L^1S,MOD_DISRUPTOR,0,0,12.3337326,373.7494812,893,572,280,638,846,31,750,,,366,36
2020-06-12 kharzet 4v4.dm_26.dm_meta,734918,0:10:18,118511,1402145,MOD_DISRUPTOR,good,FALSE,,,,,0.7854280147,0:10:18,^3Xen_Crypt,^7serk,MOD_DISRUPTOR,0,0,34.71829605,1052.06958,113,382,150,385,535,182,607,,,276,132
2020-06-20 kejim 4v4.dm_26.dm_meta,13754097,0:02:46,13589625,14274045,MOD_DISRUPTOR,good,FALSE,,,,,0.6727590128,0:02:46,^7xenspec,^0<pro*,MOD_DISRUPTOR,0,0,57.45993042,1741.210083,86,477,0,432,152,0,394,,,2,0
2020-06-20 nelvaan 3v3.dm_26.dm_meta,576320,0:07:18,138971,1353899,MOD_DISRUPTOR,good,FALSE,,,,,0.5468736214,0:07:18,^3Xen_Crypt,^7leonardo,MOD_DISRUPTOR,0,0,7.651675701,231.8689575,1944,251,0,333,852,163,594,,,271,57
2020-06-20 nelvaan 4v4 0310.dm_26.dm_meta,379079,0:01:40,280013,1621034,MOD_DISRUPTOR,good,FALSE,,,,,0.9635683591,0:01:40,^7xenspec,^0<pro*,MOD_DISRUPTOR,0,0,3.79686141,115.0564041,309,627,40,441,836,272,583,,,180,45
2020-06-20 nelvaan 4v4 0310.dm_26.dm_meta,1235462,0:13:51,280013,1621034,MOD_DISRUPTOR,good,FALSE,,,,,0.7795781997,0:13:51,^7xenspec,^7Kim Jong Un,MOD_DISRUPTOR,0,0,1.317008257,39.9093399,798,425,0,403,681,290,540,,,90,23
2020-06-24 jk_campgrounds 2v2.dm_26.dm_meta,29774,0:00:08,23405,,MOD_DISRUPTOR,good,FALSE,,,,,0.5885304585,0:00:08,^3Xen_Crypt,^0Fl^5y^0nn,MOD_DISRUPTOR,1.110067725,0.00840960443,20.35361099,616.776123,979,98,0,385,874,163,733,,,59,7
2020-07-01 paulking 4v4.dm_26.dm_meta,729704,0:09:40,151016,1365119,MOD_DISRUPTOR,good,FALSE,,,,,0.8960294888,0:09:40,^3Xen_Crypt,^7:^5|,MOD_DISRUPTOR,0,0,4.431213379,134.2791901,473,477,290,406,713,247,587,,,131,32
2020-07-01 paulking 4v4.dm_26.dm_meta,795605,0:10:46,151016,1365119,MOD_DISRUPTOR,good,FALSE,,,,,0.9745644067,0:10:46,^3Xen_Crypt,^7:^5|,MOD_DISRUPTOR,0,0,45.68375015,1384.356079,227,612,28,520,777,310,611,,,130,30
2020-07-01 paulking 4v4.dm_26.dm_meta,923447,0:12:54,151016,1365119,MOD_DISRUPTOR,good,FALSE,,,,,0.5157064081,0:12:54,^3Xen_Crypt,^7-=^1redstar^7=-,MOD_DISRUPTOR,1.449612498,0.0439276509,14.23606396,431.395874,534,322,0,342,334,128,728,,,65,25
2020-07-01 paulking 4v4.dm_26.dm_meta,1342778,0:19:53,151016,1365119,MOD_DISRUPTOR,good,FALSE,,,,,0.9079273284,0:19:53,^3Xen_Crypt,^7-=^1redstar^7=-,MOD_DISRUPTOR,0,0,13.26312923,401.9129944,318,612,204,601,133,69,20,,,4,0
2020-07-11 kothis 4v4.dm_26.dm_meta,340011,0:01:42,239064,1298364,MOD_DISRUPTOR,good,FALSE,,,,,0.7895370229,0:01:42,^3Xen_Crypt,^7X's Holy Kitten,MOD_DISRUPTOR,0,0,18.738451,567.8318481,140,554,16,439,288,0,338,,,10,0
2020-07-11 kothis 4v4.dm_26.dm_meta,1137654,0:15:00,239064,1298364,MOD_DISRUPTOR,good,FALSE,,,,,0.8084503964,0:15:00,^3Xen_Crypt,^7X's Holy Kitten,MOD_DISRUPTOR,0,0,42.46295929,1286.756348,93,431,0,593,337,0,312,,,178,77
2020-07-11 talravin 4v4.dm_26.dm_meta,826068,0:07:28,379215,1683375,MOD_DISRUPTOR,good,FALSE,,,,,0.9813149917,0:07:28,^3Xen_Crypt,^7X's Holy Kitten,MOD_DISRUPTOR,0,0,7.263361454,220.1018677,368,629,172,573,614,116,738,,,242,75
2020-07-19 dantooine 2v2 (2).dm_26.dm_meta,10159354,0:05:24,9836152,10793152,MOD_DISRUPTOR,good,FALSE,,,,,0.988869053,0:05:24,^7xen,^1X'S APOSTLE,MOD_DISRUPTOR,0,0,12.60571003,381.9912109,447,516,51,409,830,345,636,,,546,266
2020-07-20 kejim 3v3.dm_26.dm_meta,1954866,0:09:23,1392810,2691162,MOD_DISRUPTOR,good,FALSE,,,,,0.9198604508,0:09:23,^7xen,^7lag,MOD_DISRUPTOR,1.520564914,0.04607772455,12.66629887,383.82724,792,660,185,645,113,0,58,,,2,0
2020-07-25 kharzet 4v4.dm_26.dm_meta,236820,0:01:43,135015,1349910,MOD_DISRUPTOR,good,FALSE,,,,,0.7083611987,0:01:43,^3Xen_Crypt,^7LG's groceries,MOD_DISRUPTOR,0,0,32.92985153,997.8742676,508,427,0,197,740,245,562,,,206,92
2020-07-25 kharzet 4v4.dm_26.dm_meta,1173261,0:17:19,135015,1349910,MOD_DISRUPTOR,good,FALSE,,,,,0.9998744984,0:17:19,^3Xen_Crypt,^7LG's groceries,MOD_DISRUPTOR,0,0,3.630586624,110.0177765,874,700,69,771,253,611,860,,,12,4
2020-07-25 kharzet 4v4.dm_26.dm_meta,1181016,0:17:27,135015,1349910,MOD_DISRUPTOR,good,FALSE,,,,,0.6580984299,0:17:27,^3Xen_Crypt,^5ski,MOD_DISRUPTOR,0,0,11.71932793,355.1311646,274,146,393,317,545,265,331,,,164,73
2020-07-26 nelvaan 4v4.dm_26.dm_meta,315921,0:01:36,221409,1436337,MOD_DISRUPTOR,good,FALSE,,,,,0.9291524718,0:01:36,^3Xen_Crypt,^1X'S APOSTLE,MOD_DISRUPTOR,0,0,26.08745766,790.5290527,507,425,0,651,645,16,617,,,252,34
2020-07-26 nelvaan 4v4.dm_26.dm_meta,661893,0:07:22,221409,1436337,MOD_DISRUPTOR,good,FALSE,,,,,0.847906688,0:07:22,^3Xen_Crypt,^1X'S APOSTLE,MOD_DISRUPTOR,0.6774654388,0.005132313818,8.636906624,261.7244568,369,425,0,379,640,210,568,,,332,151
2020-07-27 kejim 2v2 (2).dm_26.dm_meta,5513173,0:03:36,5298475,6503272,MOD_DISRUPTOR,good,FALSE,,,,,0.9751734963,0:03:36,^7xen,^1X'S APOSTLE,MOD_DISRUPTOR,0,0,3.592386484,108.860199,682,599,62,618,643,126,702,,,249,73
2020-07-31 krildor 4v4 (3).dm_26.dm_meta,1517645,0:19:02,268727,1590575,MOD_DISRUPTOR,good,FALSE,,,,,0.73255561,0:19:02,^3xen,^7csrbro,MOD_DISRUPTOR,0,0,2.318121672,70.24610901,699,446,4,459,514,23,402,,,270,83
2020-08-01 kejim 4v4 (2).dm_26.dm_meta,443891,0:05:06,139103,1353998,MOD_DISRUPTOR,good,FALSE,,,,,0.9664784587,0:05:06,^3Xen_Crypt,^5ski,MOD_DISRUPTOR,0,0,1.496733427,45.3555603,1130,614,66,558,730,290,602,,,108,23
2020-08-01 nelvaan 4v4 (3).dm_26.dm_meta,328329,0:00:57,272031,1164021,MOD_DISRUPTOR,good,FALSE,,,,,0.6196219894,0:00:57,^3Xen_Crypt,^7x,MOD_DISRUPTOR,0,0,24.09560394,730.1697998,191,369,190,341,389,161,440,,,266,52
2020-08-01 nelvaan 4v4.dm_26.dm_meta,486135,0:04:25,222729,1255101,MOD_DISRUPTOR,good,FALSE,,,,,0.51978709,0:04:25,^3Xen_Crypt,^7teh,MOD_DISRUPTOR,0,0,10.15825653,307.8259583,404,432,71,346,212,0,392,,,7,0
2020-08-01 nelvaan 4v4.dm_26.dm_meta,539793,0:05:18,222729,1255101,MOD_DISRUPTOR,good,FALSE,,,,,0.9539696907,0:05:18,^3Xen_Crypt,^7X's Holy Kitten,MOD_DISRUPTOR,0,0,4.933109283,149.4881592,318,397,163,438,696,301,601,,,519,6
2020-08-02 kothis 4v4.dm_26.dm_meta,707429,0:10:08,100559,1315388,MOD_DISRUPTOR,good,FALSE,,,,,0.9641475086,0:10:08,^3Xen_Crypt,^7lg,MOD_DISRUPTOR,0,0,33.4806366,1014.564758,189,402,333,532,380,429,530,,,74,46
2020-08-02 telti 4v4.dm_26.dm_meta,742475,0:10:12,131579,1466495,MOD_DISRUPTOR,good,FALSE,,,,,0.9999999999,0:10:12,^3Xen_Crypt,^7teh,MOD_DISRUPTOR,0,0,3.76209569,114.0028992,472,405,126,679,336,603,442,,,1249,1246
2020-08-03 ctf4 4v4 (3).dm_26.dm_meta,2799439,0:02:13,2667472,3881773,MOD_DISRUPTOR,good,FALSE,,,,,0.5277476951,0:02:13,^3Xen_Crypt,^4r^7d^4l,MOD_DISRUPTOR,0,0,9.318072319,282.3658142,163,181,0,240,419,260,439,,,356,34
2020-08-04 ctf4 4v4.dm_26.dm_meta,4970183,0:08:26,4464920,,MOD_DISRUPTOR,good,FALSE,,,,,0.6442087941,0:08:26,^3Xen_Crypt,^7i,MOD_DISRUPTOR,0,0,7.773727894,235.5675201,1325,425,262,413,373,0,471,,,10,0
2020-08-08 kothis 4v4.dm_26.dm_meta,411122,0:03:38,195170,1409570,MOD_DISRUPTOR,good,FALSE,,,,,0.9990285338,0:03:38,^3Xen_Crypt,^1APOSTLE(X SERVANT),MOD_DISRUPTOR,1.98950386,0.007535999641,1.98950386,60.28799438,516,327,49,299,578,211,461,,,942,693
2020-08-08 krildor 4v4 (2).dm_26.dm_meta,2165670,0:13:36,1350966,,MOD_DISRUPTOR,good,FALSE,,,,,0.9346080916,0:13:36,^3Xen_Crypt,^0ent,MOD_DISRUPTOR,4.615990639,0.04662616923,19.33540726,585.9214478,241,843,136,781,764,307,657,,,104,20
2020-08-09 kejim 2v2 (2).dm_26.dm_meta,1611662,0:12:20,872627,2086763,MOD_DISRUPTOR,good,FALSE,,,,,0.6074965489,0:12:20,^3xen,^7teh,MOD_DISRUPTOR,0,0,31.75858307,962.3812866,181,403,118,422,474,0,341,,,33,0
2020-08-10 dantooine 4v4 (3).dm_26.dm_meta,413036,0:04:59,115376,1330139,MOD_DISRUPTOR,good,FALSE,,,,,0.7124878397,0:04:59,^3Xeno,^7x,MOD_DISRUPTOR,0,0,3.436815977,104.1459427,874,242,60,251,817,48,678,,,443,108
2020-08-12 talravin 4v4 (2).dm_26.dm_meta,2212992,0:10:55,1559361,,MOD_DISRUPTOR,good,FALSE,,,,,0.576415169,0:10:55,^3Xen_Crypt,^7teh,MOD_DISRUPTOR,0,0,9.89140892,299.7396545,106,425,0,347,443,0,328,,,28,0
2020-08-14 trieron 3v3.dm_26.dm_meta,3399697,0:56:40,9079,3420784,MOD_DISRUPTOR,good,FALSE,,,,,0.896975326,0:56:40,^3Xen_Crypt,^7ALTP00Q,MOD_DISRUPTOR,1.477262855,0.01119138487,4.367255211,132.3410645,783,624,23,642,113,0,4,,,3,0
2020-08-14 trieron 3v3.dm_26.dm_meta,3412567,0:56:53,9079,3420784,MOD_DISRUPTOR,good,FALSE,,,,,0.5439951864,0:56:53,^3Xen_Crypt,^0ent,MOD_DISRUPTOR,0.1922607422,0.002913041506,1.668059707,50.5472641,721,464,0,330,410,0,305,,,23,0
2020-08-14 trieron 3v3.dm_26.dm_meta,3418078,0:56:58,9079,3420784,MOD_DISRUPTOR,good,FALSE,,,,,0.5676928702,0:56:58,^3Xen_Crypt,^7Padawan,MOD_DISRUPTOR,1.413889647,0.04284514114,2.11712122,64.15518951,1023,447,0,440,508,67,395,,,166,40
2020-08-15 carratos 4v4.dm_26.dm_meta,1344428,0:19:09,196721,1411550,MOD_DISRUPTOR,good,FALSE,,,,,1,0:19:09,^3Xen_Crypt,^7X's Holy Kitten,MOD_DISRUPTOR,0,0,8.27831459,250.858017,334,425,0,285,27,386,403,,,1714,1714
2020-08-16 kharzet 4v4.dm_26.dm_meta,455969,0:03:19,258299,,MOD_DISRUPTOR,good,FALSE,,,,,0.9877079594,0:03:19,^7xen,^7gengszter99,MOD_DISRUPTOR,0,0,6.286378384,190.4963226,889,99,0,223,858,678,754,,,146,59
2020-08-21 kejim 4v4.dm_26.dm_meta,1061717,0:13:58,190154,1460588,MOD_DISRUPTOR,good,FALSE,,,,,0.993618322,0:13:58,^3Xen_Crypt,^0Fl^5y^0nn,MOD_DISRUPTOR,0,0,4.014946938,121.665062,169,444,0,562,818,301,646,,,662,19
2020-08-22 ramodi 4v4.dm_26.dm_meta,213452,0:01:29,125639,1340336,MOD_DISRUPTOR,good,FALSE,,,,,0.6765050394,0:01:29,^3Xen_Crypt,^1APOSTLE(X SERVANT),MOD_DISRUPTOR,0.6718074679,0.02035780251,3.231105804,97.91230011,323,423,33,449,178,254,359,,,38,31
2020-08-22 sikurd 4v4 (2).dm_26.dm_meta,2273320,0:12:52,1502704,,MOD_DISRUPTOR,good,FALSE,,,,,0.998844131,0:12:52,^3Xen_Crypt,^1APOSTLE(X SERVANT),MOD_DISRUPTOR,0,0,0.535125494,16.21592331,1418,472,135,511,603,261,743,,,875,333
2020-08-22 sikurd 4v4 (2).dm_26.dm_meta,2297509,0:13:16,1502704,,MOD_DISRUPTOR,good,FALSE,,,,,0.9731775443,0:13:16,^3Xen_Crypt,^1seeker destroyer 9000,MOD_DISRUPTOR,0,0,0.682944119,20.69527626,1063,597,152,586,663,350,535,,,60,4
2020-08-28 kejim 4v4 (4).dm_26.dm_meta,5265999,0:10:02,4665036,5879832,MOD_DISRUPTOR,good,FALSE,,,,,0.9603040496,0:10:02,^7Padawan,^7last rate only super lag,MOD_DISRUPTOR,0,0,2.557302475,77.49401855,434,600,22,512,723,289,563,,,130,35
2020-08-29 talravin 4v4.dm_26.dm_meta,388484,0:00:27,363173,1578002,MOD_DISRUPTOR,good,FALSE,,,,,0.6519140193,0:00:27,^3Xen_Crypt,^7sid(tired),MOD_DISRUPTOR,0,0,96.34854889,2919.653076,73,432,0,235,555,177,626,,,158,4
2020-09-04 talravin 4v4 1112.dm_26.dm_meta,360236,0:00:51,310043,1524080,MOD_DISRUPTOR,good,FALSE,,,,,0.9950961202,0:00:51,^3Xen_Crypt,^6^^7Nm^0.~^4e^5n^2t^3d^14^6r^0k.,MOD_DISRUPTOR,0,0,82.32772827,2494.779541,322,536,235,628,383,559,361,,,203,168
2020-09-05 paulking 4v4.dm_26.dm_meta,815339,0:11:46,110789,1325651,MOD_DISRUPTOR,good,FALSE,,,,,0.961672959,0:11:46,^7flor_mourner_2,^7teh,MOD_DISRUPTOR,0,0,3.343785048,101.3268204,329,617,97,540,712,195,543,,,213,60
2020-09-15 telti 4v4 (2).dm_26.dm_meta,1815709,0:01:51,1705654,,MOD_DISRUPTOR,good,FALSE,,,,,0.5606063467,0:01:51,^3Xen_Crypt,^7cocaine addict,MOD_DISRUPTOR,1.761113882,0.05336708575,10.33026981,313.0384827,444,425,0,320,658,45,443,,,315,78
2020-09-15 telti 4v4 (2).dm_26.dm_meta,1833034,0:02:09,1705654,,MOD_DISRUPTOR,good,FALSE,,,,,0.9439748607,0:02:09,^3Xen_Crypt,^7Seaal,MOD_DISRUPTOR,0.1032071859,0.0005212484393,9.733739853,294.9618225,1486,369,167,399,1179,198,1005,,,218,29
2020-09-19 nelvaan 4v4.dm_26.dm_meta,1056404,0:11:31,367001,1581698,MOD_DISRUPTOR,good,FALSE,,,,,0.5387711921,0:11:31,^7xenifneeded,^7L^4S,MOD_DISRUPTOR,1.479467154,0.04483233765,6.91919136,209.6724701,604,468,104,450,212,107,320,,,110,77
2020-09-20 kejim 3v3 0751.dm_26.dm_meta,1662556,0:06:02,1301767,2516629,MOD_DISRUPTOR,good,FALSE,,,,,0.5858743038,0:06:02,^3Xen_Crypt,^0Fl^5y^0nn,MOD_DISRUPTOR,0,0,40.28103256,1220.637329,226,438,0,281,478,222,349,,,127,59
4 xen mpctf_kejim 2021-12-22_22-35-08.dm_26.dm_meta,1326113,0:19:44,142931,1358552,MOD_DISRUPTOR,good,FALSE,,,,,0.5108837437,0:19:44,^7xen,^7base,MOD_DISRUPTOR,1.614214659,0.006987942383,5.510410309,166.982132,355,337,0,369,206,318,346,,,23,14
Refresh1-PUG_2011_ctf_paulking.dm_26.dm_meta,619690,0:06:14,246691,,MOD_DISRUPTOR,good,FALSE,,,,,0.9999491014,0:06:14,^3Xen_Crypt,^5THE EVERRAPING,MOD_DISRUPTOR,0.3405761719,0.01032049023,5.858868599,177.5414734,138,0,0,56,85,20,426,,,1234,712
0043_sniper.dm_26.dm_meta,17725200,0:08:39,17218500,18416500,MOD_DISRUPTOR_SNIPER,good,FALSE,0.4666666667,0.58,0.06920546207,0.870702041,,0:08:39,^4{^7JOC^4}^3Xen_Crypt^4{^1JGM^4},SAG3TARIUS,MOD_DISRUPTOR_SNIPER,1.91339612,0.002125995699,8.389328003,254.2220612,1178,0,0,0,250,0,243,,,10,0
0043_sniper.dm_26.dm_meta,18081350,0:14:36,17218500,18416500,MOD_DISRUPTOR_SNIPER,good,FALSE,0.4,0.5166666667,0.1163523783,0.8804093461,,0:14:36,^4{^7JOC^4}^3Xen_Crypt^4{^1JGM^4},^4>^1^^4(^7x^8D^4^4)^1^^4<,MOD_DISRUPTOR_SNIPER,1.247250676,0.008315004408,2.406106234,72.91230774,1313,0,0,56,230,315,271,,,53,35
0446sniper_0530sniper_1024cap.dm_26.dm_meta,32911700,0:10:17,32311500,33636650,MOD_DISRUPTOR_SNIPER,good,FALSE,0.4533333333,0.5633333333,0.0695911362,0.8595122223,,0:10:17,^1M,Lord Pablo,MOD_DISRUPTOR_SNIPER,4.435001373,0.005543751642,7.632978439,231.3023834,627,10,0,0,139,0,250,,,5,0
0841_rocket.dm_26.dm_meta,32366650,0:06:04,32017000,33218650,MOD_DISRUPTOR_SNIPER,good,FALSE,0.38,0.6166666667,0.09465505711,0.8849914981,,0:06:04,^3Xen_Crypt,^9Teutonic ^7Crusader,MOD_DISRUPTOR_SNIPER,4.321361065,0.006173372734,4.321361065,130.9503326,1279,0,0,81,0,0,176,,,0,0
1013_rocket.dm_26.dm_meta,57108600,0:18:16,56222500,57287350,MOD_DISRUPTOR_SNIPER,good,FALSE,0.4066666667,0.5133333333,0.1115358009,0.8714317432,,0:18:16,^3Xen_Crypt,a singular nab,MOD_DISRUPTOR_SNIPER,3.824126005,0.003642024705,3.824126005,115.8826065,1145,32,0,0,0,0,303,,,0,0
1341_sniper (1).dm_26.dm_meta,28922950,0:07:35,28693000,29339400,MOD_DISRUPTOR_SNIPER,good,FALSE,0.4566666667,0.6066666667,0.06209963652,0.8699441923,,0:07:35,Jedi Jerry,^1Fuzzy^3Nutz,MOD_DISRUPTOR_SNIPER,3.244879484,0.003415662562,3.244879484,98.3296814,1474,0,0,7,0,0,41,,,0,0
1341_sniper.dm_26.dm_meta,28922950,0:07:35,28693000,29339400,MOD_DISRUPTOR_SNIPER,good,FALSE,0.4566666667,0.6066666667,0.06209963652,0.8699441923,,0:07:35,Jedi Jerry,^1Fuzzy^3Nutz,MOD_DISRUPTOR_SNIPER,3.244879484,0.003415662562,3.244879484,98.3296814,1474,0,0,7,0,0,41,,,0,0
2018-01-06 talravin 4v4.dm_26.dm_meta,963282,0:12:06,237843,1453266,MOD_DISRUPTOR_SNIPER,good,FALSE,0.4633333333,0.5,0.2418685732,0.5903075571,,0:12:06,^3Xen_Crypt,^7^^00^7w^0L^7.,MOD_DISRUPTOR_SNIPER,0,0,2.651309729,80.34272003,301,0,0,140,313,346,315,,,476,417
2018-05-10 ctf4 4v4.dm_26.dm_meta,564725679,0:12:16,563990241,565205235,MOD_DISRUPTOR_SNIPER,good,FALSE,0.44,0.3233333333,0.5576489767,0.6944479695,,0:12:16,^3Xen_Crypt,^1A^7ndre,MOD_DISRUPTOR_SNIPER,0,0,3.529728889,106.9614792,1524,651,204,662,914,159,857,,,307,57
2018-05-26 sikurd 4v4.dm_26.dm_meta,698189,0:09:49,110294,1325387,MOD_DISRUPTOR_SNIPER,good,FALSE,0.6033333333,0.54,0.6880180009,0.9648742635,,0:09:49,^3Xen_Crypt,^7-=^1redstar^7=-,MOD_DISRUPTOR_SNIPER,0,0,3.912405491,118.5577393,116,523,415,554,547,142,502,,,582,214
2018-06-03 talravin 4v4.dm_26.dm_meta,679148,0:07:19,241172,,MOD_DISRUPTOR_SNIPER,good,FALSE,0.58,0.5766666667,0.1488705492,0.9183604621,,0:07:19,^3Xen_Crypt,^7jaw4 is a plague,MOD_DISRUPTOR_SNIPER,3.698482752,0.01867920533,11.17818356,338.7328491,581,0,0,0,392,105,420,,,306,184
2018-06-09 paulking 2v2.dm_26.dm_meta,2136626,0:15:21,1216982,,MOD_DISRUPTOR_SNIPER,good,FALSE,0.55,0.5933333333,0.2114702285,0.5537528065,,0:15:21,^3Xen_Crypt,^7teh,MOD_DISRUPTOR_SNIPER,2.504045486,0.02529338934,3.389353514,102.7076797,463,0,0,81,144,248,190,,,774,771
2018-06-14 kharzet 3v3.dm_26.dm_meta,2272095,0:11:48,1564938,2503425,MOD_DISRUPTOR_SNIPER,good,FALSE,0.5033333333,0.36,0.2143477819,0.9341868691,,0:11:48,^3Xen_Crypt,^7nero,MOD_DISRUPTOR_SNIPER,4.155744553,0.1259316504,8.977660179,272.0503235,538,24,0,160,252,16,342,,,473,388
2019-05-19 kothis 4v4.dm_26.dm_meta,2059612,0:08:47,1538113,2142376,MOD_DISRUPTOR_SNIPER,good,FALSE,0.3766666667,0.56,0.1333118611,0.5524498875,,0:08:47,^3Xen_Crypt,^2Greenman,MOD_DISRUPTOR_SNIPER,0.9036380053,0.003422871232,6.690892696,202.7543182,1223,0,0,88,106,0,284,,,1,0
2019-06-29 ziost 4v4 (2).dm_26.dm_meta,2146369,0:09:23,1584412,2188543,MOD_DISRUPTOR_SNIPER,good,FALSE,0.36,0.5133333333,0.224118086,0.6970724071,,0:09:23,^3Xen_Crypt,^7gengszter99,MOD_DISRUPTOR_SNIPER,1.010980964,0.007658946794,1.791714787,54.29438782,1906,3,0,95,694,308,719,,,190,66
2019-07-12 kejim 4v4.dm_26.dm_meta,1298954,0:19:48,112010,1325882,MOD_DISRUPTOR_SNIPER,good,FALSE,0.3366666667,0.4133333333,0.5363416454,0.5279942042,,0:19:48,^3Xen_Crypt,^7x,MOD_DISRUPTOR_SNIPER,0,0,2.47090435,74.87589264,1945,649,173,664,299,124,483,,,177,41
2020-01-18 ctf4 4v4.dm_26.dm_meta,1395883,0:06:44,997177,2206957,MOD_DISRUPTOR_SNIPER,good,FALSE,0.39,0.5066666667,0.1457055497,0.9117553536,,0:06:44,^3Xen_Crypt,^7ari^5Z^7a,MOD_DISRUPTOR_SNIPER,1.595043063,0.006904948503,4.07309866,123.4272308,1946,0,0,115,288,435,352,,,31,22
2020-02-07 kejim 2v2.dm_26.dm_meta,87386858,0:33:47,86309375,88156550,MOD_DISRUPTOR_SNIPER,good,FALSE,0.5166666667,0.57,0.1950601625,0.9628052585,,0:33:47,^3Xen_Crypt,^7Padawan,MOD_DISRUPTOR_SNIPER,1.215914011,0.00526369689,7.426922321,225.0582581,1676,0,0,0,382,299,406,,,389,305
2020-02-08 telti 4v4.dm_26.dm_meta,966149,0:12:49,198734,1412837,MOD_DISRUPTOR_SNIPER,good,TRUE,0.4533333333,0.6833333333,0.3696646553,0.6947948048,,0:12:49,^1Sabby,^7FP,MOD_DISRUPTOR_SNIPER,0,0,0.1292937249,3.917991638,5694,0,0,0,0,0,639,,,0,0
2020-02-28 kharzet 4v4.dm_26.dm_meta,504545,0:07:04,81782,1296479,MOD_DISRUPTOR_SNIPER,good,FALSE,0.4933333333,0.4133333333,0.5611976,0.6788806899,,0:07:04,^3Xen_Crypt,^7csr lost his config,MOD_DISRUPTOR_SNIPER,0,0,15.67874336,475.1134338,548,488,145,528,826,165,791,,,367,103
2020-03-21 nelvaan 3v3.dm_26.dm_meta,890546,0:11:23,209327,1080296,MOD_DISRUPTOR_SNIPER,good,FALSE,0.5466666667,0.4666666667,0.8766809915,0.3049087594,,0:11:23,^3Xen_Crypt,^4^^0ub^43^7rn00^4b,MOD_DISRUPTOR_SNIPER,1.227645397,0.009300343692,8.820471764,267.2870178,980,312,102,356,251,0,435,,,1169,704
2020-04-05 ctf4 4v4.dm_26.dm_meta,3055680,0:10:34,2427657,3247377,MOD_DISRUPTOR_SNIPER,good,FALSE,0.56,0.4333333333,0.3047183439,0.961495459,,0:10:34,^3Xen_Crypt,^2alemao,MOD_DISRUPTOR_SNIPER,3.909114838,0.01974300481,32.70627594,991.0993042,637,18,217,143,337,213,375,,,575,483
2020-04-06 nelvaan 3v3.dm_26.dm_meta,7756220,0:04:50,7467140,8452652,MOD_DISRUPTOR_SNIPER,good,FALSE,0.4066666667,0.3666666667,0.5071318568,0.5382910911,,0:04:50,^3Xen_Crypt,^7Padawan,MOD_DISRUPTOR_SNIPER,0,0,15.12201118,458.2427673,1277,487,481,574,371,251,570,,,161,103
2020-04-19 telti 4v4 (2).dm_26.dm_meta,1697037,0:06:02,1336248,2220978,MOD_DISRUPTOR_SNIPER,good,TRUE,0.5233333333,0.4866666667,0.2188755813,0.9896585335,,0:06:02,^3Xen_Crypt,^7flower,MOD_DISRUPTOR_SNIPER,1.351921082,0.006827884354,2.298697233,69.65749359,87,0,0,125,1009,0,1212,,,77,0
2020-04-19 telti 4v4 (2).dm_26.dm_meta,1833987,0:08:19,1336248,2220978,MOD_DISRUPTOR_SNIPER,good,TRUE,0.5333333333,0.4966666667,0.4670861414,0.6799909781,,0:08:19,^3Xen_Crypt,^7SAO^1^^7Gato^1^^7I,MOD_DISRUPTOR_SNIPER,0.6275203228,0.003803153522,2.906195164,88.06652069,2537,0,0,8,1166,139,1130,,,1165,997
2020-05-09 ctf4 3v5.dm_26.dm_meta,12804902,0:10:44,12376793,,MOD_DISRUPTOR_SNIPER,good,FALSE,0.5033333333,0.5566666667,0.4150124539,0.2041329365,,0:10:44,^3Xen_Crypt,^7life sucks without x,MOD_DISRUPTOR_SNIPER,0,0,15.67318344,474.9449463,366,0,0,224,291,300,299,,,443,253
2020-05-10 ctf4 4v4.dm_26.dm_meta,924074,0:14:05,72047,1295258,MOD_DISRUPTOR_SNIPER,good,FALSE,0.5166666667,0.5966666667,0.3442406815,0.3945780071,,0:14:05,^3Xen_Crypt,^7enab,MOD_DISRUPTOR_SNIPER,0,0,2.067211151,62.64276123,619,0,0,154,664,327,648,,,423,236
2020-05-14 salliche 4v4.dm_26.dm_meta,1291896,0:18:11,201906,1416207,MOD_DISRUPTOR_SNIPER,good,FALSE,0.45,0.34,0.6341610759,0.5637983946,,0:18:11,^3Xen_Crypt,^7M^0er^6c^0e^7r SPEC FNNEED,MOD_DISRUPTOR_SNIPER,0,0,3.438532114,104.1979446,841,773,251,800,1079,59,959,,,348,35
2020-05-16 manaan 2v2.dm_26.dm_meta,2341362,0:16:40,1342089,2556258,MOD_DISRUPTOR_SNIPER,good,FALSE,0.58,0.4233333333,0.5460602099,0.2857802325,,0:16:40,^7xen,^7<@248198723589373953>,MOD_DISRUPTOR_SNIPER,4.164861679,0.1262079328,11.48690987,348.0881653,405,387,181,401,328,237,392,,,898,708
2020-06-06 nelvaan 3v3.dm_26.dm_meta,557741,0:08:52,26738,905264,MOD_DISRUPTOR_SNIPER,good,FALSE,0.53,0.4533333333,0.201373492,0.6602186468,,0:08:52,^3Xen_Crypt,^7old revan,MOD_DISRUPTOR_SNIPER,0,0,3.963347435,120.1014404,325,0,0,0,533,524,567,,,256,173
2020-06-06 taloraan 3v3.dm_26.dm_meta,397291,0:06:37,7528,,MOD_DISRUPTOR_SNIPER,good,FALSE,0.3966666667,0.5366666667,0.08329399576,0.8278021804,,0:06:37,^3Xen_Crypt,^7lg,MOD_DISRUPTOR_SNIPER,1.516600847,0.007659600116,1.899157763,57.55023575,1238,0,0,126,40,0,45,,,0,0
2020-06-14 ctf4 2v2.dm_26.dm_meta,51585838,0:09:04,51312928,52445389,MOD_DISRUPTOR_SNIPER,good,FALSE,0.3966666667,0.57,0.06279273373,0.5699347147,,0:09:04,^3Xen_Crypt,^7Padawan,MOD_DISRUPTOR_SNIPER,1.183493257,0.004482929129,1.319880605,39.99638367,1240,0,0,0,43,0,36,,,0,0
2020-06-20 kejim 3v3 (2).dm_26.dm_meta,4656022,0:02:32,4504882,,MOD_DISRUPTOR_SNIPER,good,FALSE,0.43,0.6,0.09987853435,0.8681349649,,0:02:32,^3Xen_Crypt,^7lg,MOD_DISRUPTOR_SNIPER,1.717753768,0.007436163723,2.435411453,73.80034637,1185,70,0,106,13,0,127,,,0,0
2020-06-20 kejim 3v3 (3).dm_26.dm_meta,12249813,0:15:51,11300238,12311127,MOD_DISRUPTOR_SNIPER,good,FALSE,0.6666666667,0.68,0.4012492625,0.9961182721,,0:15:51,^7xenspec,^7csr,MOD_DISRUPTOR_SNIPER,1.563430071,0.005922083743,15.04699612,455.969574,1110,0,0,148,488,6,566,,,459,226
2020-08-02 kothis 4v4 (4).dm_26.dm_meta,991629,0:01:03,930216,,MOD_DISRUPTOR_SNIPER,good,FALSE,0.6,0.6033333333,0.32206113,0.9782508247,,0:01:03,^7xen,^7Seaal,MOD_DISRUPTOR_SNIPER,1.764537334,0.006683853455,10.39565754,315.019928,1374,0,0,0,0,0,671,,,0,0
2020-08-02 ziost 4v4 (2).dm_26.dm_meta,564836,0:04:19,306677,1520681,MOD_DISRUPTOR_SNIPER,good,FALSE,0.5233333333,0.5566666667,0.2330070608,0.4221623599,,0:04:19,^3Xen_Crypt,^4h^0annah,MOD_DISRUPTOR_SNIPER,0,0,4.408680916,133.5963898,529,0,0,0,344,310,340,,,642,565
2020-08-03 ctf4 4v4 (2).dm_26.dm_meta,1343768,0:02:08,1217312,2431349,MOD_DISRUPTOR_SNIPER,good,FALSE,0.3733333333,0.5033333333,0.1708354911,0.5176096248,,0:02:08,^3Xen_Crypt,^7padawancooking,MOD_DISRUPTOR_SNIPER,0.73364079,0.002778942464,5.801095963,175.7907867,1058,0,0,0,0,0,366,,,0,0
2020-08-03 ctf4 4v4 (3).dm_26.dm_meta,3451354,0:13:05,2667472,3881773,MOD_DISRUPTOR_SNIPER,good,FALSE,0.4333333333,0.55,0.07796199909,0.5008774701,,0:13:05,^3Xen_Crypt,^7sigh-donis,MOD_DISRUPTOR_SNIPER,0.5368987918,0.00542322034,2.109439373,63.92240524,1479,0,0,60,104,0,94,,,1,0
2020-08-04 dantooine 4v4.dm_26.dm_meta,489625,0:08:10,6439,1173220,MOD_DISRUPTOR_SNIPER,good,FALSE,0.6333333333,0.55,0.545805093,0.6643777295,,0:08:10,^7??,^7notspec,MOD_DISRUPTOR_SNIPER,0,0,4.792951584,145.2409515,402,541,271,530,572,279,606,,,487,303
2020-08-22 sikurd 4v4.dm_26.dm_meta,1387464,0:18:22,286749,1501611,MOD_DISRUPTOR_SNIPER,good,FALSE,0.5433333333,0.4533333333,0.1613125449,0.8570573499,,0:18:22,^3Xen_Crypt,^1seeker destroyer 9000,MOD_DISRUPTOR_SNIPER,3.719131708,0.05635048077,8.046891212,243.8451843,620,0,0,2,238,242,357,,,408,368
2020-09-01 talravin 4v4.dm_26.dm_meta,2751519,0:04:18,2494680,,MOD_DISRUPTOR_SNIPER,good,FALSE,0.43,0.52,0.2765035911,0.6166414174,,0:04:18,^3Xen_Crypt,^7Seaal,MOD_DISRUPTOR_SNIPER,0.1897329688,0.002874742029,0.9327709675,28.26578712,1158,0,0,43,96,444,227,,,652,647
2021-01-16 ctf2 5v4.dm_26.dm_meta,808999,0:13:29,44422,1216087,MOD_DISRUPTOR_SNIPER,good,FALSE,0.46,0.6866666667,0.09585824116,0.8676031008,,0:13:29,FUNPOLICE,Padawan ^7(^502^7),MOD_DISRUPTOR_SNIPER,1.474021792,0.001786693116,14.37068939,435.4754333,1236,0,0,25,98,0,186,,,1,0
4 xenplaying0 mpctf_kejim 2022-02-07_04-14-08.dm_26.dm_meta,975422,0:10:29,346838,1562459,MOD_DISRUPTOR_SNIPER,good,FALSE,0.57,0.4466666667,0.8662656908,0.6546594037,,0:10:29,^7xenplaying0,^7Tayst_Crypt,MOD_DISRUPTOR_SNIPER,0,0,2.594658136,78.62600708,482,0,0,159,606,418,624,,,2018,1748
fastflipkick_ctf4.dm_26.dm_meta,516949,0:08:37,515002,529984,MOD_DISRUPTOR_SNIPER,good,FALSE,0.5566666667,0.6366666667,0.1832704036,0.8995289503,,0:08:37,^3Xen_Crypt,STIFMIESTER,MOD_DISRUPTOR_SNIPER,0.1538085938,0.004660866689,7.062342167,214.010376,796,0,0,0,119,228,197,,,484,472
ski_offense_ctf4_014_smooth.dm_26.dm_meta,46384250,0:23:51,44956900,,MOD_DISRUPTOR_SNIPER,good,FALSE,0.4033333333,0.52,0.07810618311,0.8858302234,,0:23:51,^5Skiboda,evrae,MOD_DISRUPTOR_SNIPER,1.491108179,0.002485180274,5.43573761,164.7193298,1379,0,0,84,0,0,1,,,0,0
2017-12-29 dosuun 2v2.dm_26.dm_meta,1936848,0:09:51,1346412,2561769,MOD_FLECHETTE_ALT_SPLASH,good,FALSE,0.41,0.3533333333,0.7807276683,0.9991450321,,0:09:51,^3Xen_Crypt,,MOD_FLECHETTE_ALT_SPLASH,2.945816517,0.02231679112,5.711966038,173.0898743,287,271,190,350,155,312,855,,,184,82
2018-01-12 manaan 4v4.dm_26.dm_meta,1370267,0:19:37,194180,1409570,MOD_FLECHETTE_ALT_SPLASH,good,FALSE,0.3166666667,0.5,0.4750712965,0.9856042094,,0:19:37,^6X^7ennifer,^7bra^2/^3/^4/^7sith,MOD_FLECHETTE_ALT_SPLASH,0,0,10.35693932,313.8466492,198,537,248,493,225,75,528,,,8,2
2018-05-10 dosuun 4v4.dm_26.dm_meta,305592,0:02:10,176463,1391490,MOD_FLECHETTE_ALT_SPLASH,good,FALSE,0.27,0.24,0.5740683554,0.9796466171,,0:02:10,^3Xen_Crypt,,MOD_FLECHETTE_ALT_SPLASH,0.6323822141,0.01916309819,17.93364716,543.4438477,180,297,11,98,298,29,455,,,33,0
2018-05-12 kejim 2v2.dm_26.dm_meta,1866162,0:06:28,1479600,,MOD_FLECHETTE_ALT_SPLASH,good,FALSE,0.3566666667,0.3733333333,0.6899653685,0.9624578175,,0:06:28,^3Xen_Crypt,^7????,MOD_FLECHETTE_ALT_SPLASH,0,0,40.84727478,1237.796265,41,785,528,181,989,175,721,,,240,11
2018-05-18 hagrent 4v4.dm_26.dm_meta,1058978,0:14:32,187613,1472468,MOD_FLECHETTE_ALT_SPLASH,good,FALSE,0.4766666667,0.5266666667,0.6660484708,0.9962428401,,0:14:32,^3Xen_Crypt,^1^^7Seef^1.,MOD_FLECHETTE_ALT_SPLASH,0,0,2.965540648,89.86486816,333,407,0,351,812,344,896,,,845,52
2018-05-20 sikurd 4v4.dm_26.dm_meta,1193684,0:17:52,122339,,MOD_FLECHETTE_ALT_SPLASH,good,FALSE,0.44,0.48,0.6805104619,0.9912252034,,0:17:52,^3Xen_Crypt,^7Jan,MOD_FLECHETTE_ALT_SPLASH,0,0,3.140000343,95.1515274,135,352,567,439,57,220,331,,,7,0
2018-05-27 kejim 4v4.dm_26.dm_meta,494084,0:06:54,80627,,MOD_FLECHETTE_ALT_SPLASH,good,FALSE,0.2266666667,0.1233333333,0.5298315531,0.5943771128,,0:06:54,^3Xen_Crypt,^7nero,MOD_FLECHETTE_ALT_SPLASH,0,0,0.4480549991,13.57742405,433,190,0,99,180,12,354,,,37,13
2018-05-30 ramodi 4v4.dm_26.dm_meta,944538,0:12:24,201510,1416636,MOD_FLECHETTE_ALT_SPLASH,good,FALSE,0.4833333333,0.5,0.07274779158,0.9249925517,,0:12:24,^3Xen_Crypt,,MOD_FLECHETTE_ALT_SPLASH,0,0,14.07618904,426.551178,63,1009,2,401,964,229,689,,,991,525
2018-06-02 talravin 4v4.dm_26.dm_meta,536192,0:07:19,97721,1312319,MOD_FLECHETTE_ALT_SPLASH,good,FALSE,0.55,0.5666666667,0.9359111625,0.9969015714,,0:07:19,^3Xen_Crypt,,MOD_FLECHETTE_ALT_SPLASH,0,0,23.60626793,715.3414307,122,329,661,166,615,117,734,,,438,194
2018-07-19 kejim 4v4.dm_26.dm_meta,608759,0:02:07,482633,1697726,MOD_FLECHETTE_ALT_SPLASH,good,FALSE,0.5133333333,0.4066666667,0.2277973275,0.8399853023,,0:02:07,^3Xen_Crypt,^0time to oil up,MOD_FLECHETTE_ALT_SPLASH,0,0,10.39908314,315.1237183,118,436,5,400,359,560,682,,,674,444
2018-08-19 talay 4v4.dm_26.dm_meta,395542,0:06:36,5185,832198,MOD_FLECHETTE_ALT_SPLASH,good,FALSE,0.4133333333,0.49,0.6194498434,0.9832722563,,0:06:36,^3Xen_Crypt,^7kreS,MOD_FLECHETTE_ALT_SPLASH,0,0,2.469664574,74.83831787,60,301,328,326,63,20,252,,,3,0
2018-08-19 talay 4v4.dm_26.dm_meta,554998,0:09:15,5185,832198,MOD_FLECHETTE_ALT_SPLASH,good,FALSE,0.6233333333,0.4933333333,0.5145998447,0.9915706423,,0:09:15,^3Xen_Crypt,^2^^0F^7lk,MOD_FLECHETTE_ALT_SPLASH,0,0,84.88192749,2572.179688,126,463,263,309,491,739,725,,,1283,478
2018-09-01 salliche 4v4.dm_26.dm_meta,1208930,0:17:23,166823,1381025,MOD_FLECHETTE_ALT_SPLASH,good,FALSE,0.34,0.4333333333,0.7000510745,0.5369047524,,0:17:23,^3Xen_Crypt,^7ping too low,MOD_FLECHETTE_ALT_SPLASH,2.442352295,0.07401067764,2.990723848,90.62799835,49,241,178,230,121,207,534,,,11,0
2018-12-14 kharzet 4v4.dm_26.dm_meta,663477,0:07:45,199134,,MOD_FLECHETTE_ALT_SPLASH,good,FALSE,0.2966666667,0.26,0.7067883685,0.7439842149,,0:07:45,^3XEN_CRYPT,^5ski,MOD_FLECHETTE_ALT_SPLASH,0,0,6.689532757,202.7131195,130,904,141,148,373,359,866,,,472,139
2019-06-08 dantooine 4v4 0451.dm_26.dm_meta,1204838,0:17:27,158771,1373633,MOD_FLECHETTE_ALT_SPLASH,good,TRUE,0.5166666667,0.3533333333,0.0004772374284,0.9961924468,,0:17:27,^3Xen_Crypt,^7R U T H L E S S,MOD_FLECHETTE_ALT_SPLASH,64.0873642,0.2427551746,75.17607117,2278.062744,157,277,0,215,649,576,732,,,826,120
2019-07-12 talay 4v4.dm_26.dm_meta,964041,0:11:25,210453,1495407,MOD_FLECHETTE_ALT_SPLASH,good,FALSE,0.43,0.51,0.7903397166,0.9980245708,,0:11:25,^3Xen_Crypt,^2blessed cat,MOD_FLECHETTE_ALT_SPLASH,1.569238424,0.007925446145,37.84902954,1146.940308,235,383,588,541,373,6,664,,,112,25
2019-07-13 kejim 4v4.dm_26.dm_meta,955036,0:06:58,538015,1752811,MOD_FLECHETTE_ALT_SPLASH,good,FALSE,0.4533333333,0.5333333333,0.356985011,0.9981873036,,0:06:58,^3Xen_Crypt,^7R U T H L E S S,MOD_FLECHETTE_ALT_SPLASH,0,0,5.134983063,155.605545,774,617,267,516,472,134,658,,,356,83
2019-12-26 kejim 4v4.dm_26.dm_meta,847052,0:11:28,88712,1498373,MOD_FLECHETTE_ALT_SPLASH,good,FALSE,0.4566666667,0.5933333333,0.3265725361,0.9943922792,,0:11:28,^3Xen_Crypt,^7-=^1redstar^7=-,MOD_FLECHETTE_ALT_SPLASH,2.755795002,0.04175446928,37.3350296,1131.364502,122,329,10,315,149,117,415,,,4,0
2020-01-17 carratos 4v4.dm_26.dm_meta,1072743,0:13:35,258963,1473891,MOD_FLECHETTE_ALT_SPLASH,good,FALSE,0.3733333333,0.4566666667,0.6757110458,0.990927859,,0:13:35,^3Xen_Crypt,^7Padawan,MOD_FLECHETTE_ALT_SPLASH,4.928090572,0.02986721508,27.82224464,843.0983276,53,399,658,326,185,22,314,,,8,0
2020-01-17 kejim 4v4 (3).dm_26.dm_meta,3587124,0:10:04,2988240,4198053,MOD_FLECHETTE_ALT_SPLASH,good,FALSE,0.55,0.4966666667,0.2613079674,0.9847310587,,0:10:04,^3Xen_Crypt,^1-=cAtA=-,MOD_FLECHETTE_ALT_SPLASH,0.06614645571,0.00200443808,9.027802467,273.5697632,302,318,0,458,571,558,821,,,794,448
2020-01-20 nelvaan 3v3.dm_26.dm_meta,699773,0:10:43,57989,1272092,MOD_FLECHETTE_ALT_SPLASH,good,FALSE,0.56,0.6,0.02716670389,0.9970442398,,0:10:43,^3Xen_Crypt,^7duo,MOD_FLECHETTE_ALT_SPLASH,0,0,22.17848015,672.0751343,161,717,243,649,1020,9,715,,,1988,1600
2020-02-09 kejim 4v4 (2).dm_26.dm_meta,1144943,0:17:26,99767,1314563,MOD_FLECHETTE_ALT_SPLASH,good,TRUE,0.6666666667,0.5133333333,0.01915401132,0.9981996975,,0:17:26,^3Xen_Crypt,^7Coronavirus-chan,MOD_FLECHETTE_ALT_SPLASH,0,0,123.7878723,3751.147705,358,398,264,522,1520,634,993,,,2478,1816
2020-02-21 salliche 4v4.dm_26.dm_meta,1297473,0:16:50,288300,1502700,MOD_FLECHETTE_ALT_SPLASH,good,FALSE,0.42,0.55,0.3056058417,0.9927355324,,0:16:50,^3Xen_Crypt,^5ski,MOD_FLECHETTE_ALT_SPLASH,2.693874598,0.04081628099,54.57540894,1653.800293,321,326,42,286,113,51,361,,,2,0
2020-02-23 telti 4v4.dm_26.dm_meta,408977,0:04:20,150686,1364624,MOD_FLECHETTE_ALT_SPLASH,good,TRUE,0.56,0.4433333333,0.4148348816,0.9989175763,,0:04:20,^3Xen_Crypt,^7CSMA/CD,MOD_FLECHETTE_ALT_SPLASH,0,0,145.7842712,4417.705078,219,301,192,590,862,637,746,,,1075,42
2020-04-01 carratos 4v4.dm_26.dm_meta,391718,0:04:55,98381,1312253,MOD_FLECHETTE_ALT_SPLASH,good,FALSE,0.3833333333,0.4466666667,0.7290623535,0.9934254622,,0:04:55,^3Xen_Crypt,,MOD_FLECHETTE_ALT_SPLASH,1.945177436,0.0589447692,6.109931946,185.1494598,184,608,717,669,551,146,711,,,292,14
2020-04-18 kejim 4v4.dm_26.dm_meta,505968,0:06:06,140757,1537416,MOD_FLECHETTE_ALT_SPLASH,good,FALSE,0.5733333333,0.5533333333,0.5013335836,0.9887812006,,0:06:06,^3Xen_Crypt,^7x,MOD_FLECHETTE_ALT_SPLASH,0,0,15.97047234,483.9537048,128,297,32,576,844,276,879,,,1349,454
2020-04-26 kejim 4v4.dm_26.dm_meta,670832,0:09:53,79472,1546982,MOD_FLECHETTE_ALT_SPLASH,good,FALSE,0.6266666667,0.68,0.4925034027,0.9968405977,,0:09:53,^3Xen_Crypt,^0ent,MOD_FLECHETTE_ALT_SPLASH,0.2911376953,0.001764470828,37.93115997,1149.429077,190,520,480,508,759,136,651,,,697,314
2020-05-03 kharzet 4v4.dm_26.dm_meta,1167297,0:15:35,233859,1448787,MOD_FLECHETTE_ALT_SPLASH,good,FALSE,0.5266666667,0.3333333333,0.00125359406,0.9874224805,,0:15:35,^7xenplaying9s,^4h^74^5x'^7t/f^4a^7y^5',MOD_FLECHETTE_ALT_SPLASH,48.58840942,0.2453960031,78.68675995,2384.447266,87,903,294,407,883,104,709,,,1263,513
2020-06-02 kejim 4v4.dm_26.dm_meta,956616,0:11:37,260514,1659714,MOD_FLECHETTE_ALT_SPLASH,good,FALSE,0.39,0.5766666667,0.2789639929,0.7332557922,,0:11:37,^3Xen_Crypt,^7gelad.,MOD_FLECHETTE_ALT_SPLASH,0,0,32.90745163,997.1954956,56,657,140,691,748,244,691,,,734,93
2020-06-20 nelvaan 4v4 0310.dm_26.dm_meta,836921,0:07:12,280013,1621034,MOD_FLECHETTE_ALT_SPLASH,good,FALSE,0.4533333333,0.5333333333,0.8413838502,0.04563432244,,0:07:12,^7xenspec,^7Kim Jong Un,MOD_FLECHETTE_ALT_SPLASH,0,0,40.27141953,1220.346069,267,209,491,726,144,115,784,,,60,11
2020-08-01 illimiran 4v4.dm_26.dm_meta,437885,0:02:15,304598,1519394,MOD_FLECHETTE_ALT_SPLASH,good,TRUE,0.5033333333,0.4533333333,0.09647518169,0.9285310832,,0:02:15,^3Xen_Crypt,^7teh,MOD_FLECHETTE_ALT_SPLASH,0,0,1.629869103,49.38997269,144,287,49,231,712,238,754,,,2922,2195
2020-08-01 kejim 4v4.dm_26.dm_meta,1478870,0:18:37,362876,1577771,MOD_FLECHETTE_ALT_SPLASH,good,TRUE,0.4166666667,0.5,0.1361524828,0.9920257111,,0:18:37,^3Xen_Crypt,^0ent,MOD_FLECHETTE_ALT_SPLASH,2.567729473,0.038904991,61.06194687,1850.362061,111,605,491,712,595,1230,855,,,197,87
2020-08-02 kejim 4v4.dm_26.dm_meta,1304568,0:18:57,168345,1383273,MOD_FLECHETTE_ALT_SPLASH,good,FALSE,0.56,0.4533333333,0.02651374515,0.7488079864,,0:18:57,^3Xen_Crypt,^7lg,MOD_FLECHETTE_ALT_SPLASH,0,0,104.0042572,3151.644287,96,744,139,451,644,405,808,,,2111,1802
2020-08-03 kejim 4v4 (4).dm_26.dm_meta,887646,0:06:17,512304,1727133,MOD_FLECHETTE_ALT_SPLASH,good,TRUE,0.35,0.5,0.6908703413,0.01010774881,,0:06:17,^3Xen_Crypt,^7lg,MOD_FLECHETTE_ALT_SPLASH,0,0,62.68716049,1899.610962,71,805,933,353,407,457,610,,,1089,692
2020-08-15 ramodi 4v4.dm_26.dm_meta,1289318,0:18:49,161147,1375943,MOD_FLECHETTE_ALT_SPLASH,good,FALSE,0.42,0.56,0.4019416288,0.9893255262,,0:18:49,^3Xen_Crypt,^7Seaal,MOD_FLECHETTE_ALT_SPLASH,0,0,59.43212509,1800.973511,178,339,108,388,81,24,350,,,0,0
2020-08-21 manaan 4v4.dm_26.dm_meta,1487714,0:17:44,425543,1726238,MOD_FLECHETTE_ALT_SPLASH,good,FALSE,0.2866666667,0.2166666667,0.5352665351,0.9439206364,,0:17:44,^3Xen_Crypt,^7enab(tired),MOD_FLECHETTE_ALT_SPLASH,5.326346874,0.0230577793,5.326346874,161.4044495,105,467,25,195,551,105,795,,,125,29
2020-09-01 dantooine 4v4.dm_26.dm_meta,279386,0:02:17,143261,1398317,MOD_FLECHETTE_ALT_SPLASH,good,FALSE,0.51,0.53,0.4021692716,0.01202802347,,0:02:17,^3Xen_Crypt,^7csr,MOD_FLECHETTE_ALT_SPLASH,0,0,54.45404434,1650.122559,139,131,45,281,749,721,645,,,1132,307
2020-09-05 kejim 4v4 (2).dm_26.dm_meta,156329,0:00:20,137915,1537643,MOD_FLECHETTE_ALT_SPLASH,good,FALSE,0.59,0.6433333333,0.1117641855,0.9972330276,,0:00:20,^7flor_mourner_2,^7Seaal,MOD_FLECHETTE_ALT_SPLASH,0,0,34.35560608,1041.078979,222,384,10,398,1020,553,808,,,552,393
2020-09-05 kejim 4v4 (2).dm_26.dm_meta,261665,0:02:05,137915,1537643,MOD_FLECHETTE_ALT_SPLASH,good,FALSE,0.53,0.39,0.2545719765,0.9847310587,,0:02:05,^7flor_mourner_2,^7Seaal,MOD_FLECHETTE_ALT_SPLASH,0,0,5.425160885,164.398819,197,283,0,506,527,466,680,,,999,470
2018-04-22 kejim 3v3.dm_26.dm_meta,1985857,0:18:16,891148,,MOD_REPEATER,good,FALSE,,,,,1,0:18:16,^3Xen_Crypt,^7nero,MOD_REPEATER,0.0439453125,0.001331676147,0.0439453125,1.331676126,2407,93,25,234,124,3,189,1749,-2,2,0
2018-05-17 sikurd 4v4.dm_26.dm_meta,461682,0:02:24,318165,1532631,MOD_REPEATER,good,FALSE,,,,,0.6188346256,0:02:24,^3Xen_Crypt,,MOD_REPEATER,0,0,13.03950882,395.1366272,408,258,60,358,375,406,303,231,8,168,123
2018-06-28 illimiran 4v4.dm_26.dm_meta,814382,0:11:05,150356,1617140,MOD_REPEATER,good,FALSE,,,,,0.9999643129,0:11:05,^3Xen_Crypt,^7jawa,MOD_REPEATER,0,0,0.2911376953,8.822354317,1299,360,174,383,865,333,848,990,-2,547,259
2018-11-21 kejim 4v4.dm_26.dm_meta,170952,0:01:09,102972,1317801,MOD_THERMAL,good,FALSE,0.54,0.58,0.04963467308,0.4873337838,,0:01:09,^3Xen_Crypt,,MOD_THERMAL,0.06991656125,0.002118683653,1.042500615,31.59092712,408,278,206,343,197,136,561,528,6,20,9
2019-06-29 carratos 4v4.dm_26.dm_meta,1324331,0:19:41,145109,,MOD_THERMAL,good,FALSE,0.6433333333,0.6633333333,0.3940460238,0.9972723113,,0:19:41,^3Xen_Crypt,^2blessed cat,MOD_THERMAL,0,0,0.7892780304,23.91751671,310,325,0,348,174,0,610,330,2,3,0
2020-01-05 talay 4v4.dm_26.dm_meta,1202264,0:15:54,249554,1635455,MOD_THERMAL,good,FALSE,0.24,0.2066666667,0.6659065393,0.9858935092,,0:15:54,^3Xen_Crypt,^7????,MOD_THERMAL,0,0,0.1737090945,5.263912201,848,0,0,0,277,138,0,924,20,18,0
2020-04-01 ctf4 3v3.dm_26.dm_meta,962680,0:16:03,72307,968257,MOD_THERMAL,good,FALSE,0.39,0.2866666667,0.6166230559,0.9018743688,,0:16:03,^3Xen_Crypt,^7ariza,MOD_THERMAL,0.04943847656,0.001498135622,1.601236105,48.52230835,35,346,209,229,208,399,0,363,30,35,0
0202_rocket_ctf1.dm_26.dm_meta,29610250,0:09:28,29063450,30594850,MOD_TRIP_MINE_SPLASH,good,FALSE,,,,,0.9999999351,0:09:28,^4{^7JOC^4}^3Xen_Crypt^4{^1JGM^4},^3n^7airda^3.,MOD_TRIP_MINE_SPLASH,0.8167099357,0.01633419842,70.5290451,2137.243896,,636,226,489,,,,,,,
13 sal mpctf_kejim 2014-12-26_21-40-09.dm_26.dm_meta,248733,0:00:44,205338,1420959,MOD_TRIP_MINE_SPLASH,good,FALSE,,,,,0.9999995626,0:00:44,sal,^0P_rn Fay_01,MOD_TRIP_MINE_SPLASH,0,0,46.09626389,1396.856445,284,584,123,586,440,71,289,,,104,0
13 sal mpctf_kejim 2014-12-26_21-40-09.dm_26.dm_meta,901704,0:11:37,205338,1420959,MOD_TRIP_MINE_SPLASH,good,FALSE,,,,,0.9999317855,0:11:37,sal,^0P_rn Adam_02,MOD_TRIP_MINE_SPLASH,0,0,6.958019733,210.8490906,131,395,18,423,410,201,343,,,141,0
2018-05-18 reboam 2v2.dm_26.dm_meta,3906919,0:09:58,3309850,4725121,MOD_TRIP_MINE_SPLASH,good,FALSE,,,,,0.9999954482,0:09:58,^3Xen_Crypt,^7serk,MOD_TRIP_MINE_SPLASH,2.212627172,0.0167623274,29.44134712,892.1620483,161,137,332,98,261,84,1,,,68,0
2019-09-25 kejim 2v2 (2).dm_26.dm_meta,540393346,0:06:30,540004804,541219798,MOD_TRIP_MINE_SPLASH,good,FALSE,,,,,0.9999992602,0:06:30,^3Xen_Crypt,^1BRA PUG TODAY 20H GMT-3,MOD_TRIP_MINE_SPLASH,0,0,1.960821033,59.41881943,70,144,335,0,232,204,0,,,130,0
2020-01-25 krildor 4v4.dm_26.dm_meta,1455283,0:00:34,1425979,2034499,MOD_TRIP_MINE_SPLASH,good,FALSE,,,,,1,0:00:34,^3Xen_Crypt,^7Coronavirus-chan,MOD_TRIP_MINE_SPLASH,0,0,0,0,37,792,384,17,497,406,20,,,329,16
2020-05-08 ctf1 6v6.dm_26.dm_meta,683599,0:11:24,8683,1713760,MOD_TRIP_MINE_SPLASH,good,FALSE,,,,,0.999971588,0:11:24,^3Xen_Crypt,^5 Dolphin ^1Frenzy,MOD_TRIP_MINE_SPLASH,0,0,95.5871048,2896.578857,,468,312,493,,,,,,,
2020-05-08 ctf4 7v5.dm_26.dm_meta,802102,0:13:22,10762,1216087,MOD_TRIP_MINE_SPLASH,good,FALSE,,,,,1,0:13:22,^3Xen_Crypt,lg,MOD_TRIP_MINE_SPLASH,1.958049059,0.05933481827,29.57859612,896.321106,,463,653,555,,,,,,,
2020-06-22 kejim 1v1.dm_26.dm_meta,1572326,0:08:34,1317269,,MOD_TRIP_MINE_SPLASH,good,TRUE,,,,,1,0:08:34,^3Xen_Crypt,^7Padawan,MOD_TRIP_MINE_SPLASH,0,0,4.900247097,148.4923401,88,1402,1698,37,481,1732,37,,,1033,31
2336_pistolair.dm_26.dm_meta,25129900,0:25:01,24900950,25247000,MOD_TRIP_MINE_SPLASH,good,FALSE,,,,,0.9042503648,0:25:01,^4{^7JOC^4}^3Xen_Crypt^4{^1JGM^4},^4{^7JOC^4}^3^^0Shion^3{SL}^4{L},MOD_TRIP_MINE_SPLASH,0,0,101.8072739,3085.068848,262,260,0,349,137,85,379,,,34,0
5.27c1e.dm_26.dm_meta,667382646,0:02:52,667211310,,MOD_TRIP_MINE_SPLASH,good,FALSE,,,,,0.9999998481,0:02:52,^3Xen_Crypt,salsol xd,MOD_TRIP_MINE_SPLASH,0,0,0,0,279,584,176,489,230,62,197,,,0,0
5.27c1e.dm_26.dm_meta,667791483,0:09:41,667211310,,MOD_TRIP_MINE_SPLASH,good,FALSE,,,,,0.6220422319,0:09:41,^3Xen_Crypt,salsol xd,MOD_TRIP_MINE_SPLASH,0,0,0,0,396,204,0,208,503,531,573,,,0,0
5.27c1e.dm_26.dm_meta,668128479,0:15:18,667211310,,MOD_TRIP_MINE_SPLASH,good,FALSE,,,,,0.9999255268,0:15:18,^3Xen_Crypt,^4>^7Rdcl,MOD_TRIP_MINE_SPLASH,0,0,0,0,660,330,196,374,440,143,350,,,137,13
awb_chase_ctf_talay_039_smooth.dm_26.dm_meta,358131180,0:01:12,358059702,,MOD_TRIP_MINE_SPLASH,good,FALSE,,,,,0.9999745884,0:01:12,,jawa,MOD_TRIP_MINE_SPLASH,0,0,120.2019043,3642.481934,410,695,133,426,178,296,289,,,125,7
Clz_vs_Nm_ctf4.dm_26.dm_meta,13297567,0:01:26,13212691,,MOD_TRIP_MINE_SPLASH,good,FALSE,,,,,0.9999424984,0:01:26,^6^^7Nm^0.#^43^5n^27^3d^14^6r^0K^6.,^2>^7CL^2z^7|^0D^1back,MOD_TRIP_MINE_SPLASH,0,0,19.11060524,579.1092529,207,322,237,383,472,11,411,,,30,0
Clz_vs_Nm_ctf4.dm_26.dm_meta,13553152,0:05:41,13212691,,MOD_TRIP_MINE_SPLASH,good,FALSE,,,,,0.9999512877,0:05:41,^6^^7Nm^0.#^43^5n^27^3d^14^6r^0K^6.,^1>C^7lz^1.^7Xenoc,MOD_TRIP_MINE_SPLASH,0,0,0,0,454,0,0,27,252,15,323,,,12,0
iLike_vs._Nm_ctf_nelvaan.dm_26.dm_meta,181979555,0:13:00,181200656,,MOD_TRIP_MINE_SPLASH,good,FALSE,,,,,0.999944269,0:13:00,^6^^7Nm^0.#^43^5n^27^3d^14^6r^0K^6.,^5i^7Like^5#^7Mad^5,MOD_TRIP_MINE_SPLASH,0,0,26.59432983,805.8887939,183,316,250,293,243,23,412,,,14,0
iLike_vs_Nm_nelvaan.dm_26.dm_meta,2271047,0:08:13,1778885,,MOD_TRIP_MINE_SPLASH,good,FALSE,,,,,0.9999572119,0:08:13,^2i^7Like^2#^7ramses,^3^^7Nm^3.^0Nor^3B^7us^3.,MOD_TRIP_MINE_SPLASH,0.5932617188,0.0008171648951,56.26828003,1705.099365,209,385,0,170,468,67,207,,,146,6
jax_chase_ctf4_010_smooth.dm_26.dm_meta,4295200,0:00:30,4267600,5472950,MOD_TRIP_MINE_SPLASH,good,FALSE,,,,,0.9999787224,0:00:30,^4S^7uga ^4R^7ay ^4C^7harles,,MOD_TRIP_MINE_SPLASH,0.3515625,0.002343750093,24.4096489,739.6863403,401,482,0,340,336,321,315,,,95,10
jax_chase_ctf4_010_smooth.dm_26.dm_meta,4709500,0:07:24,4267600,5472950,MOD_TRIP_MINE_SPLASH,good,FALSE,,,,,0.9791511696,0:07:24,^4S^7uga ^4R^7ay ^4C^7harles,^7Oct^1a^7ne,MOD_TRIP_MINE_SPLASH,0.703125,0.01406249963,92.33818054,2798.126709,153,395,11,178,261,299,236,,,242,0
pushing_ctf_telti.dm_26.dm_meta,1062443,0:13:51,1039244,1078217,MOD_TRIP_MINE_SPLASH,good,FALSE,,,,,0.9999962468,0:13:51,^3Xen_Crypt,Czar tzar Binks Mckinks,MOD_TRIP_MINE_SPLASH,0.5096519589,0.001103142742,2.74199152,83.09065247,164,451,0,327,244,92,213,,,64,0